{
    "NLDAMPH0005_1": {
        "0": 0.990856671131918,
        "1": 0.9828626056149921,
        "2": 0.9412629118061022,
        "3": 0.924982586360767,
        "4": 0.7363868800722847,
        "5": 0.881285140562249,
        "6": 0.8827601639092066,
        "7": 0.991102622182977,
        "8": 0.7855742591902533,
        "9": "NaN",
        "10": "NaN",
        "11": "NaN",
        "12": "NaN"
    },
    "NLDAMPH0011_1": {
        "0": 0.9742607786418357,
        "1": 0.9865000454238041,
        "2": 0.9599492128389304,
        "3": 0.923368300199661,
        "4": 0.7013869478093469,
        "5": "NaN",
        "6": 0.7517377756471716,
        "7": 0.9915483140193431,
        "8": 0.9578745433999948,
        "9": "NaN",
        "10": "NaN",
        "11": "NaN",
        "12": "NaN"
    },
    "NLDAMPH0051_1": {
        "0": 0.9917084964011005,
        "1": 0.9904520134344161,
        "2": 0.9478314170551851,
        "3": 0.9293672462048987,
        "4": 0.7700156331422616,
        "5": 0.7879392971246006,
        "6": 0.836085530983696,
        "7": 0.9915299551312353,
        "8": 0.9487971391417426,
        "9": "NaN",
        "10": "NaN",
        "11": "NaN",
        "12": "NaN"
    },
    "NLDAMPH0054_1": {
        "0": 0.9893696027397635,
        "1": 0.9858466605145745,
        "2": 0.9593065892283361,
        "3": 0.8965411263419845,
        "4": 0.7598820719290547,
        "5": 0.8426107023480591,
        "6": 0.849490374843363,
        "7": 0.9922545797345155,
        "8": 0.0,
        "9": 0.09448818897637795,
        "10": 0.0,
        "11": "NaN",
        "12": 0.7560369085792814
    },
    "NLDHMC0008_1": {
        "0": 0.9912417775790777,
        "1": 0.9881449618685452,
        "2": 0.9448076343691808,
        "3": 0.9415894938119698,
        "4": 0.7611108552480081,
        "5": 0.9148514851485149,
        "6": 0.7975460122699386,
        "7": 0.9904117142507046,
        "8": 0.9533471899244748,
        "9": "NaN",
        "10": "NaN",
        "11": "NaN",
        "12": "NaN"
    },
    "NLDISALA0057_1": {
        "0": 0.9847869246787263,
        "1": 0.9907482437355505,
        "2": 0.9633865005988285,
        "3": 0.8896488516637732,
        "4": 0.7496154693626953,
        "5": 0.8428864998896078,
        "6": 0.8303236224523582,
        "7": 0.9911657541945302,
        "8": 0.9453560572227104,
        "9": "NaN",
        "10": "NaN",
        "11": "NaN",
        "12": "NaN"
    },
    "NLDISALA0062_1": {
        "0": 0.992661455990334,
        "1": 0.985609588012334,
        "2": 0.9443949253877909,
        "3": 0.9027114608010409,
        "4": 0.8454711197483622,
        "5": 0.0,
        "6": 0.8236797543044059,
        "7": 0.992625539125077,
        "8": 0.0,
        "9": "NaN",
        "10": "NaN",
        "11": "NaN",
        "12": 0.0
    },
    "NLDISALA0065_1": {
        "0": 0.992512166847411,
        "1": 0.9864911048244698,
        "2": 0.9679928336232699,
        "3": 0.9332134885928679,
        "4": 0.6491246352646937,
        "5": "NaN",
        "6": 0.7993209308905709,
        "7": 0.9898850632340223,
        "8": "NaN",
        "9": "NaN",
        "10": "NaN",
        "11": "NaN",
        "12": "NaN"
    },
    "NLDISALA0065_2": {
        "0": 0.9828080415045396,
        "1": 0.9919325207560502,
        "2": 0.9674706727687312,
        "3": 0.9227160873577361,
        "4": 0.6861029654516148,
        "5": 0.15551020408163266,
        "6": 0.8629573057149243,
        "7": 0.9922037823234272,
        "8": 0.9492606159272826,
        "9": "NaN",
        "10": "NaN",
        "11": "NaN",
        "12": "NaN"
    },
    "NLDISALA0073_1": {
        "0": 0.9897794108603989,
        "1": 0.9898885296692934,
        "2": 0.8957909582497644,
        "3": 0.8775244006656772,
        "4": 0.0,
        "5": 0.8228999464954521,
        "6": 0.7123176249301002,
        "7": 0.9860575868659335,
        "8": "NaN",
        "9": "NaN",
        "10": "NaN",
        "11": "NaN",
        "12": "NaN"
    },
    "NLDISALA0087_1": {
        "0": 0.9813365397100209,
        "1": 0.9902548038810818,
        "2": 0.9539506187478015,
        "3": 0.8997522049746188,
        "4": 0.6891671058164727,
        "5": 0.8342082840887227,
        "6": 0.699363322987843,
        "7": 0.9924206956763801,
        "8": 0.8822115384615384,
        "9": "NaN",
        "10": "NaN",
        "11": "NaN",
        "12": "NaN"
    },
    "NLDISALA0089_1": {
        "0": 0.9905905592798602,
        "1": 0.984235493709596,
        "2": 0.9287146467321399,
        "3": 0.8865469497432383,
        "4": 0.7376378868555437,
        "5": 0.3175498690308281,
        "6": 0.8703653635534618,
        "7": 0.9913192446847953,
        "8": 0.8316329438586492,
        "9": "NaN",
        "10": "NaN",
        "11": "NaN",
        "12": "NaN"
    },
    "NLDISALA0093_1": {
        "0": 0.9652507697705845,
        "1": 0.9627118518029654,
        "2": 0.862765673469012,
        "3": 0.8348308876492516,
        "4": 0.42615133642866104,
        "5": 0.0,
        "6": 0.7036797018975678,
        "7": 0.9840649134812787,
        "8": 0.4202521047490581,
        "9": "NaN",
        "10": "NaN",
        "11": "NaN",
        "12": "NaN"
    },
    "NLDISALA0097_1": {
        "0": 0.9890650247304396,
        "1": 0.9868683016526455,
        "2": 0.9556398377851302,
        "3": 0.8865399102998981,
        "4": 0.6621731330119371,
        "5": 0.7811291845570026,
        "6": 0.7623102183150342,
        "7": 0.9872247548741498,
        "8": 0.8281809287802363,
        "9": "NaN",
        "10": "NaN",
        "11": "NaN",
        "12": "NaN"
    }
}