{
    "NLDAMPH0005_1": {
        "0": 0.9900129904498101,
        "1": 0.9806558591205615,
        "2": 0.9310768514747804,
        "3": 0.91654314466358,
        "4": 0.7076071733561059,
        "5": 0.8478932812754189,
        "6": 0.8829301231750762,
        "7": 0.9905382734985381,
        "8": 0.7368823314392051,
        "9": "NaN",
        "10": "NaN",
        "11": "NaN",
        "12": "NaN"
    },
    "NLDAMPH0011_1": {
        "0": 0.9737593602819097,
        "1": 0.9857150061016813,
        "2": 0.9467960981972037,
        "3": 0.9313473727514276,
        "4": 0.7392437192253564,
        "5": 0.0,
        "6": 0.7421455083869136,
        "7": 0.991508541262015,
        "8": 0.9341448787147979,
        "9": "NaN",
        "10": "NaN",
        "11": "NaN",
        "12": "NaN"
    },
    "NLDAMPH0051_1": {
        "0": 0.9901157898206869,
        "1": 0.9901498620290438,
        "2": 0.9360467000615801,
        "3": 0.9211610321593551,
        "4": 0.7234450545788278,
        "5": 0.8662184094597728,
        "6": 0.8217101863847058,
        "7": 0.9913876043574067,
        "8": 0.9376545842217484,
        "9": "NaN",
        "10": "NaN",
        "11": "NaN",
        "12": "NaN"
    },
    "NLDAMPH0054_1": {
        "0": 0.9880644070199647,
        "1": 0.9848207721317458,
        "2": 0.9463269469267591,
        "3": 0.8964457161071037,
        "4": 0.7829118195440559,
        "5": 0.8306253334867808,
        "6": 0.8325851421049113,
        "7": 0.9922966245209265,
        "8": 0.0,
        "9": 0.12249208025343189,
        "10": "NaN",
        "11": "NaN",
        "12": 0.7414614641298191
    },
    "NLDHMC0008_1": {
        "0": 0.9895627871823554,
        "1": 0.949771279263901,
        "2": 0.932928329251206,
        "3": 0.9427380444859484,
        "4": 0.7509231450937915,
        "5": 0.9091514143094842,
        "6": 0.8028471359168455,
        "7": 0.9901214872990551,
        "8": 0.33574619887091744,
        "9": "NaN",
        "10": "NaN",
        "11": "NaN",
        "12": "NaN"
    },
    "NLDISALA0057_1": {
        "0": 0.9833327881472721,
        "1": 0.9907183759688746,
        "2": 0.9497296028828217,
        "3": 0.8834733249689528,
        "4": 0.7666990787283484,
        "5": 0.8403444117996706,
        "6": 0.8195544117799661,
        "7": 0.9910409232404526,
        "8": 0.9386166226069779,
        "9": "NaN",
        "10": "NaN",
        "11": "NaN",
        "12": "NaN"
    },
    "NLDISALA0062_1": {
        "0": 0.9913573808690519,
        "1": 0.9848183320980217,
        "2": 0.931714660123173,
        "3": 0.88921755265314,
        "4": 0.8353558256537013,
        "5": 0.0,
        "6": 0.7797601115760111,
        "7": 0.9917969503956765,
        "8": 0.0,
        "9": "NaN",
        "10": "NaN",
        "11": "NaN",
        "12": 0.0
    },
    "NLDISALA0065_1": {
        "0": 0.9939154490839044,
        "1": 0.9818540740583694,
        "2": 0.9434368470090186,
        "3": 0.9270159453302961,
        "4": 0.8579960453573302,
        "5": 0.0,
        "6": 0.7810411080770514,
        "7": 0.9847795307443366,
        "8": "NaN",
        "9": "NaN",
        "10": "NaN",
        "11": "NaN",
        "12": "NaN"
    },
    "NLDISALA0065_2": {
        "0": 0.9818169180117268,
        "1": 0.9915310331680608,
        "2": 0.9517007896633036,
        "3": 0.9287430334516275,
        "4": 0.6917146615776955,
        "5": 0.2617984074577588,
        "6": 0.8581538247501566,
        "7": 0.9916397412782568,
        "8": 0.9170725015433158,
        "9": "NaN",
        "10": "NaN",
        "11": "NaN",
        "12": "NaN"
    },
    "NLDISALA0073_1": {
        "0": 0.9912641711796657,
        "1": 0.9814705574730677,
        "2": 0.9082129735547027,
        "3": 0.8814350473511767,
        "4": 0.03170478170478171,
        "5": 0.4755766621438263,
        "6": 0.6755598674104616,
        "7": 0.9761066158971918,
        "8": "NaN",
        "9": "NaN",
        "10": "NaN",
        "11": "NaN",
        "12": "NaN"
    },
    "NLDISALA0087_1": {
        "0": 0.978245591625717,
        "1": 0.9904064168920405,
        "2": 0.9378639118485816,
        "3": 0.8994115148941334,
        "4": 0.679326720080068,
        "5": 0.7817840766986244,
        "6": 0.6689813490019522,
        "7": 0.992533952438042,
        "8": 0.9027675003699867,
        "9": "NaN",
        "10": "NaN",
        "11": "NaN",
        "12": "NaN"
    },
    "NLDISALA0089_1": {
        "0": 0.9903598652829348,
        "1": 0.9836859737491442,
        "2": 0.9309863173065879,
        "3": 0.8790924852008952,
        "4": 0.7645024971187092,
        "5": 0.5410092395167022,
        "6": 0.8645900196233058,
        "7": 0.9910953431137534,
        "8": 0.8506644905572395,
        "9": "NaN",
        "10": "NaN",
        "11": "NaN",
        "12": "NaN"
    },
    "NLDISALA0093_1": {
        "0": 0.9645876216370274,
        "1": 0.964521272132248,
        "2": 0.8578427007942551,
        "3": 0.8277802844378142,
        "4": 0.4235846611477191,
        "5": 0.0,
        "6": 0.6416834042730328,
        "7": 0.9736819076788449,
        "8": 0.44074258998683674,
        "9": "NaN",
        "10": "NaN",
        "11": "NaN",
        "12": "NaN"
    },
    "NLDISALA0097_1": {
        "0": 0.9880891896691639,
        "1": 0.9826901255575978,
        "2": 0.9410381975558352,
        "3": 0.8760769507696238,
        "4": 0.6266971147849282,
        "5": 0.628135866865375,
        "6": 0.7431580491382471,
        "7": 0.9812695911628141,
        "8": 0.7595613433858808,
        "9": "NaN",
        "10": "NaN",
        "11": "NaN",
        "12": "NaN"
    }
}