{
    "NLD-AMPH-0005": {
        "0": 0.9896975712903534,
        "1": 0.9696628386938575,
        "2": 0.9342270159340187,
        "3": 0.9192810662763613,
        "4": 0.7185835892253275,
        "5": 0.8606294155427103,
        "6": 0.8824157232675091,
        "7": 0.991122710385035,
        "8": 0.3920626143179208,
        "9": "NaN",
        "10": "NaN",
        "11": "NaN",
        "12": "NaN"
    },
    "NLD-AMPH-0011": {
        "0": 0.9742582155769783,
        "1": 0.9828312558000812,
        "2": 0.9463276611640531,
        "3": 0.9217870812699656,
        "4": 0.7276058426739808,
        "5": 0.0,
        "6": 0.7327626713518152,
        "7": 0.9912469650750171,
        "8": 0.9098432340003394,
        "9": "NaN",
        "10": "NaN",
        "11": "NaN",
        "12": "NaN"
    },
    "NLD-AMPH-0051-LAD": {
        "0": 0.9891925342136282,
        "1": 0.9888482008326259,
        "2": 0.9371031975066374,
        "3": 0.8979982602018749,
        "4": 0.6958284632650317,
        "5": 0.6691851052347545,
        "6": 0.796792644944897,
        "7": 0.9907912396527514,
        "8": 0.9272827143279672,
        "9": "NaN",
        "10": "NaN",
        "11": "NaN",
        "12": "NaN"
    },
    "NLD-AMPH-0054": {
        "0": 0.9874970196437197,
        "1": 0.9821520547829538,
        "2": 0.9525876392637894,
        "3": 0.8878326155587588,
        "4": 0.7553343092031534,
        "5": 0.791241895697352,
        "6": 0.8293832322168782,
        "7": 0.99146509491733,
        "8": 0.0,
        "9": 0.0,
        "10": 0.0,
        "11": 0.0,
        "12": 0.6322210522493736
    },
    "NLD-HMC-0008": {
        "0": 0.987788932707428,
        "1": 0.9632074491933502,
        "2": 0.9398724567263893,
        "3": 0.9402115289376742,
        "4": 0.7297599106644332,
        "5": 0.9075067024128687,
        "6": 0.8125151030459248,
        "7": 0.9897736695021957,
        "8": 0.08870639889421904,
        "9": "NaN",
        "10": "NaN",
        "11": "NaN",
        "12": "NaN"
    },
    "NLD-ISALA-0057": {
        "0": 0.9824701733971078,
        "1": 0.9900882426050212,
        "2": 0.9435145188784738,
        "3": 0.88799285536653,
        "4": 0.7550213374234409,
        "5": 0.8010648638708152,
        "6": 0.811083391969978,
        "7": 0.9902940915599143,
        "8": 0.9222199890895518,
        "9": "NaN",
        "10": "NaN",
        "11": "NaN",
        "12": "NaN"
    },
    "NLD-ISALA-0062": {
        "0": 0.9901708904662779,
        "1": 0.9841087211188904,
        "2": 0.9360257287026598,
        "3": 0.8303902363403188,
        "4": 0.8152092134961514,
        "5": 0.0,
        "6": 0.7485640460623822,
        "7": 0.9916627688865529,
        "8": 0.0,
        "9": "NaN",
        "10": "NaN",
        "11": "NaN",
        "12": 0.0
    },
    "NLD-ISALA-0065-LAD": {
        "0": 0.9933470170783112,
        "1": 0.9808115093282616,
        "2": 0.9384780176050649,
        "3": 0.8809895604877621,
        "4": 0.7294059859115621,
        "5": 0.0,
        "6": 0.782947841327047,
        "7": 0.9841329998231385,
        "8": "NaN",
        "9": "NaN",
        "10": "NaN",
        "11": "NaN",
        "12": "NaN"
    },
    "NLD-ISALA-0065-MO1": {
        "0": 0.9806472010048218,
        "1": 0.9918541943134653,
        "2": 0.9486716265710889,
        "3": 0.9259218146803183,
        "4": 0.6630697284506603,
        "5": 0.07910717216477925,
        "6": 0.8675830101654467,
        "7": 0.9925888946339319,
        "8": 0.9438296680207312,
        "9": "NaN",
        "10": "NaN",
        "11": "NaN",
        "12": "NaN"
    },
    "NLD-ISALA-0073": {
        "0": 0.9905694576618583,
        "1": 0.9816943202240147,
        "2": 0.9014152916256291,
        "3": 0.8511830539263228,
        "4": 0.0096188529517855,
        "5": 0.0,
        "6": 0.6542413134390005,
        "7": 0.9694221382459455,
        "8": "NaN",
        "9": "NaN",
        "10": "NaN",
        "11": "NaN",
        "12": "NaN"
    },
    "NLD-ISALA-0087": {
        "0": 0.9767761024471081,
        "1": 0.9897585107162118,
        "2": 0.9360941575545761,
        "3": 0.8821480694488619,
        "4": 0.6479252665758448,
        "5": 0.6595877576514678,
        "6": 0.6524000405926528,
        "7": 0.9921269817140758,
        "8": 0.9086322869955157,
        "9": "NaN",
        "10": "NaN",
        "11": "NaN",
        "12": "NaN"
    },
    "NLD-ISALA-0089": {
        "0": 0.9895203340936308,
        "1": 0.9831955671403119,
        "2": 0.9249875477336875,
        "3": 0.8791632171466182,
        "4": 0.7604318546717121,
        "5": 0.6346774193548387,
        "6": 0.8658049988741274,
        "7": 0.9915726562450009,
        "8": 0.8279435208380779,
        "9": "NaN",
        "10": "NaN",
        "11": "NaN",
        "12": "NaN"
    },
    "NLD-ISALA-0093": {
        "0": 0.9646722666895946,
        "1": 0.9625345241102498,
        "2": 0.8367088432360595,
        "3": 0.8135446850793089,
        "4": 0.4468229607089828,
        "5": 0.0,
        "6": 0.6149449240845489,
        "7": 0.9706760201302804,
        "8": 0.3726822192674967,
        "9": 0.0,
        "10": "NaN",
        "11": "NaN",
        "12": "NaN"
    },
    "NLD-ISALA-0097": {
        "0": 0.9879756104796997,
        "1": 0.9820395402963878,
        "2": 0.9423870721560114,
        "3": 0.880462373569727,
        "4": 0.6381151694883441,
        "5": 0.6309326148930171,
        "6": 0.7373826043407555,
        "7": 0.9818678680896635,
        "8": 0.7419836829108186,
        "9": "NaN",
        "10": "NaN",
        "11": "NaN",
        "12": "NaN"
    }
}