{
    "NLD-AMPH-0005": {
        "1": 0.9753460291599736,
        "10": "NaN",
        "11": "NaN",
        "12": "NaN",
        "2": 0.9396683893329174,
        "3": 0.9093575087815677,
        "4": 0.5180660628470624,
        "5": 0.647497997329773,
        "6": 0.8209325401301407,
        "7": 0.9911043590910107,
        "8": 0.5638780281922752,
        "9": "NaN"
    },
    "NLD-AMPH-0011": {
        "1": 0.9852430402384417,
        "10": "NaN",
        "11": "NaN",
        "12": "NaN",
        "2": 0.9610003456690416,
        "3": 0.920433077090412,
        "4": 0.6077130286030078,
        "5": "NaN",
        "6": 0.7455184586752087,
        "7": 0.9916735476221312,
        "8": 0.9578745433999948,
        "9": "NaN"
    },
    "NLD-AMPH-0051-LAD": {
        "1": 0.9897400990063969,
        "10": "NaN",
        "11": "NaN",
        "12": "NaN",
        "2": 0.944668804709161,
        "3": 0.9183064680348793,
        "4": 0.6285119526580673,
        "5": 0.4707706991171558,
        "6": 0.8182480081414593,
        "7": 0.9915102163213618,
        "8": 0.4832753767179997,
        "9": "NaN"
    },
    "NLD-AMPH-0054": {
        "1": 0.9710789885939239,
        "10": 0.0,
        "11": "NaN",
        "12": 0.7559143188791244,
        "2": 0.9597593829076748,
        "3": 0.8977000680043493,
        "4": 0.5924199758692121,
        "5": 0.8678509913826314,
        "6": 0.8234825898318845,
        "7": 0.9923202914522102,
        "8": 0.0,
        "9": 0.09375
    },
    "NLD-HMC-0008": {
        "1": 0.9835171168991008,
        "10": "NaN",
        "11": "NaN",
        "12": "NaN",
        "2": 0.9489279394921544,
        "3": 0.8915840749678638,
        "4": 0.7611108552480081,
        "5": 0.9148514851485149,
        "6": 0.7232051994535155,
        "7": 0.9903946363551788,
        "8": 0.4781791907514451,
        "9": "NaN"
    },
    "NLD-ISALA-0057": {
        "1": 0.9903986435660307,
        "10": "NaN",
        "11": "NaN",
        "12": "NaN",
        "2": 0.9642825014374496,
        "3": 0.8820791343037587,
        "4": 0.6682257822312488,
        "5": 0.5337194382894115,
        "6": 0.820422859713461,
        "7": 0.9911772192231805,
        "8": 0.9360690626741313,
        "9": "NaN"
    },
    "NLD-ISALA-0062": {
        "1": 0.9797568603876796,
        "10": "NaN",
        "11": "NaN",
        "12": 0.0,
        "2": 0.944358308590727,
        "3": 0.8955376695886098,
        "4": 0.8461176788631594,
        "5": 0.0,
        "6": 0.8031568567239397,
        "7": 0.9926382799414424,
        "8": 0.0,
        "9": "NaN"
    },
    "NLD-ISALA-0065-LAD": {
        "1": 0.9856613238199919,
        "10": "NaN",
        "11": "NaN",
        "12": "NaN",
        "2": 0.9675084503175388,
        "3": 0.9271794215581676,
        "4": 0.32543276096269724,
        "5": "NaN",
        "6": 0.7981443380706982,
        "7": 0.989931516664596,
        "8": "NaN",
        "9": "NaN"
    },
    "NLD-ISALA-0065-MO1": {
        "1": 0.9916140341646605,
        "10": "NaN",
        "11": "NaN",
        "12": "NaN",
        "2": 0.9660742146363943,
        "3": 0.919986072908557,
        "4": 0.5930536042627154,
        "5": 0.26456832965381877,
        "6": 0.8473272125498379,
        "7": 0.9921999358246278,
        "8": 0.9376916381576715,
        "9": "NaN"
    },
    "NLD-ISALA-0073": {
        "1": 0.9884295585985257,
        "10": "NaN",
        "11": "NaN",
        "12": "NaN",
        "2": 0.8990672280228493,
        "3": 0.8873853584307628,
        "4": 0.0,
        "5": 0.8228999464954521,
        "6": 0.7249673005744863,
        "7": 0.9860665565880102,
        "8": "NaN",
        "9": "NaN"
    },
    "NLD-ISALA-0087": {
        "1": 0.9866551295552558,
        "10": "NaN",
        "11": "NaN",
        "12": "NaN",
        "2": 0.9538554517765726,
        "3": 0.8828799267827535,
        "4": 0.55000955971893,
        "5": 0.6039019504966946,
        "6": 0.6284910655351327,
        "7": 0.9924407448995568,
        "8": 0.8822115384615384,
        "9": "NaN"
    },
    "NLD-ISALA-0089": {
        "1": 0.9852254675827883,
        "10": "NaN",
        "11": "NaN",
        "12": "NaN",
        "2": 0.916630376314866,
        "3": 0.8699345684684919,
        "4": 0.6665636602672933,
        "5": 0.16629735148253666,
        "6": 0.8718871517946861,
        "7": 0.9913277035676565,
        "8": 0.8316329438586492,
        "9": "NaN"
    },
    "NLD-ISALA-0093": {
        "1": 0.9455752949679496,
        "10": "NaN",
        "11": "NaN",
        "12": "NaN",
        "2": 0.8604426247773161,
        "3": 0.831479247962194,
        "4": 0.3550839638163065,
        "5": 0.0,
        "6": 0.6353687785769027,
        "7": 0.9840543008772825,
        "8": 0.5997296915418466,
        "9": "NaN"
    },
    "NLD-ISALA-0097": {
        "1": 0.9836059347521406,
        "10": "NaN",
        "11": "NaN",
        "12": "NaN",
        "2": 0.9560141043537231,
        "3": 0.8798928985739394,
        "4": 0.6420354563236367,
        "5": 0.7995431928897448,
        "6": 0.7657628411790374,
        "7": 0.9872331779259335,
        "8": 0.5222446640347375,
        "9": "NaN"
    }
}