{
    "NLD-ISALA-0087": {
        "0": 0.9838647216338636,
        "1": 0.9880062759176662,
        "2": 0.9463029300524156,
        "3": 0.9041877969152324,
        "4": 0.7253852954943397,
        "5": 0.841202510736703,
        "6": 0.7284504186128926,
        "7": 0.9900310467086081,
        "8": 0.8959568733153639,
        "9": "NaN",
        "10": "NaN",
        "11": "NaN",
        "12": "NaN"
    },
    "NLD-AMPH-0054": {
        "0": 0.9883608250424322,
        "1": 0.9841606412077776,
        "2": 0.9508955130979556,
        "3": 0.871946112480726,
        "4": 0.7112468800059606,
        "5": 0.8333771034928588,
        "6": 0.8611338371582427,
        "7": 0.9927765551968849,
        "8": 0.0,
        "9": 0.3118279569892473,
        "10": "NaN",
        "11": "NaN",
        "12": 0.7176585365853658
    },
    "NLD-ISALA-0093": {
        "0": 0.9786771364434667,
        "1": 0.9591337194470235,
        "2": 0.92812791499033,
        "3": 0.8105285088810389,
        "4": 0.7487269032568157,
        "5": 0.7478397486252946,
        "6": 0.6871418985185568,
        "7": 0.9785860370236011,
        "8": 0.5876468200447825,
        "9": "NaN",
        "10": "NaN",
        "11": "NaN",
        "12": "NaN"
    },
    "NLD-ISALA-0097": {
        "0": 0.9920693026671936,
        "1": 0.9840135674546545,
        "2": 0.956045053857073,
        "3": 0.9086909489158991,
        "4": 0.7768109786186779,
        "5": 0.7548271286974166,
        "6": 0.8317085151807138,
        "7": 0.9826349966503718,
        "8": 0.8271424523112314,
        "9": "NaN",
        "10": "NaN",
        "11": "NaN",
        "12": "NaN"
    },
    "NLD-ISALA-0062": {
        "0": 0.9936518593887435,
        "1": 0.985352275610802,
        "2": 0.958200585620304,
        "3": 0.8929906784722041,
        "4": 0.8690944196184202,
        "5": "NaN",
        "6": 0.820072965105289,
        "7": 0.9906297209951619,
        "8": 0.6091361374943465,
        "9": "NaN",
        "10": "NaN",
        "11": "NaN",
        "12": 0.0
    },
    "NLD-AMPH-0005": {
        "0": 0.9900907796851268,
        "1": 0.975721851490902,
        "2": 0.9388932374287315,
        "3": 0.9049948534590173,
        "4": 0.7452789946577651,
        "5": 0.851340373679935,
        "6": 0.8345222040579157,
        "7": 0.9878498475864274,
        "8": 0.658481127785357,
        "9": "NaN",
        "10": "NaN",
        "11": "NaN",
        "12": "NaN"
    },
    "NLD-AMPH-0028": {
        "0": 0.9838285059523678,
        "1": 0.9773292039710546,
        "2": 0.9668871532120707,
        "3": 0.9095307960108722,
        "4": 0.777238243291238,
        "5": 0.5487142339731981,
        "6": 0.7047692090338467,
        "7": 0.9945987738742583,
        "8": 0.7529071486067971,
        "9": 0.0,
        "10": 0.40645905420991923,
        "11": 0.0,
        "12": 0.0
    },
    "NLD-HMC-0008": {
        "0": 0.9893046905940923,
        "1": 0.9867141922859458,
        "2": 0.9406177995391705,
        "3": 0.9344126631680396,
        "4": 0.7012965356234627,
        "5": 0.9190959711758926,
        "6": 0.7475790299601495,
        "7": 0.9901336825116477,
        "8": 0.9490829232583675,
        "9": "NaN",
        "10": "NaN",
        "11": "NaN",
        "12": "NaN"
    },
    "NLD-ISALA-0073": {
        "0": 0.9884020105477355,
        "1": 0.972526403670171,
        "2": 0.9182876116179363,
        "3": 0.8417342653213365,
        "4": 0.0,
        "5": 0.5526104417670683,
        "6": 0.6860680664429286,
        "7": 0.9824252809073953,
        "8": "NaN",
        "9": "NaN",
        "10": "NaN",
        "11": "NaN",
        "12": "NaN"
    },
    "NLD-ISALA-0089": {
        "0": 0.9902125869309176,
        "1": 0.983946159430497,
        "2": 0.9269225663758177,
        "3": 0.8816242194336399,
        "4": 0.8328831693102865,
        "5": 0.7189575881451201,
        "6": 0.8629335105336556,
        "7": 0.9892246843466356,
        "8": 0.7270248835134331,
        "9": "NaN",
        "10": "NaN",
        "11": "NaN",
        "12": "NaN"
    },
    "NLD-ISALA-0065-MO1": {
        "0": 0.9867844193762109,
        "1": 0.9922206951308233,
        "2": 0.9638946710561929,
        "3": 0.9251603680999047,
        "4": 0.7665286341213482,
        "5": 0.07642892439466316,
        "6": 0.8385575854404002,
        "7": 0.9909801350321632,
        "8": 0.9271609781613704,
        "9": "NaN",
        "10": "NaN",
        "11": "NaN",
        "12": "NaN"
    },
    "NLD-AMPH-0051-LAD": {
        "0": 0.9920695862804264,
        "1": 0.9899731894199753,
        "2": 0.9379974924920547,
        "3": 0.9242651643414636,
        "4": 0.7727079989909346,
        "5": 0.6961367013372957,
        "6": 0.8411934023508075,
        "7": 0.9896149520038212,
        "8": 0.9579113030144062,
        "9": "NaN",
        "10": 0.0,
        "11": "NaN",
        "12": "NaN"
    },
    "NLD-AMPH-0011": {
        "0": 0.9733366849142637,
        "1": 0.9844952365127403,
        "2": 0.9475851036299904,
        "3": 0.9192219074910605,
        "4": 0.7306139555877159,
        "5": 0.0,
        "6": 0.7284365012765806,
        "7": 0.9927150184602423,
        "8": 0.9556850098824509,
        "9": "NaN",
        "10": "NaN",
        "11": "NaN",
        "12": "NaN"
    },
    "NLD-ISALA-0065-LAD": {
        "0": 0.9913345304943678,
        "1": 0.9839804390722858,
        "2": 0.9510331129036165,
        "3": 0.9342696353608196,
        "4": 0.767713740627357,
        "5": "NaN",
        "6": 0.8203189250963931,
        "7": 0.986722571628232,
        "8": "NaN",
        "9": "NaN",
        "10": "NaN",
        "11": "NaN",
        "12": "NaN"
    },
    "NLD-ISALA-0057": {
        "0": 0.9885868947153587,
        "1": 0.9874832896445749,
        "2": 0.9667290156962685,
        "3": 0.8812515802366169,
        "4": 0.8131517861714657,
        "5": 0.8729619621356736,
        "6": 0.8277459988904584,
        "7": 0.9895808458493056,
        "8": 0.8985178356144954,
        "9": "NaN",
        "10": "NaN",
        "11": "NaN",
        "12": "NaN"
    }
}