{
    "NLD-AMPH-0005": {
        "0": 0.9919275817305705,
        "1": 0.969885510295566,
        "2": 0.9525985598271698,
        "3": 0.9127263529910382,
        "4": 0.743485879131495,
        "5": 0.8723611562195518,
        "6": 0.8816490314567559,
        "7": 0.9909454278489274,
        "8": 0.3971065209969273,
        "9": "NaN",
        "10": "NaN",
        "11": "NaN",
        "12": "NaN"
    },
    "NLD-AMPH-0011": {
        "0": 0.9730804917308701,
        "1": 0.985746503193219,
        "2": 0.9616669063483694,
        "3": 0.924404455834074,
        "4": 0.6969089215811297,
        "5": "NaN",
        "6": 0.7128087191280872,
        "7": 0.9918019531007028,
        "8": 0.9464712442249482,
        "9": "NaN",
        "10": "NaN",
        "11": "NaN",
        "12": "NaN"
    },
    "NLD-AMPH-0051-LAD": {
        "0": 0.9921844717311059,
        "1": 0.9907525861012186,
        "2": 0.9468393303117195,
        "3": 0.9175217421926039,
        "4": 0.7538812606177498,
        "5": 0.6361195031889896,
        "6": 0.8160504082197727,
        "7": 0.9912863134760335,
        "8": 0.9425297149916926,
        "9": "NaN",
        "10": 0.0,
        "11": "NaN",
        "12": "NaN"
    },
    "NLD-AMPH-0054": {
        "0": 0.9889865343146766,
        "1": 0.9855533098219494,
        "2": 0.9610301243324605,
        "3": 0.8931842760944773,
        "4": 0.7403551187272583,
        "5": 0.8679699489453043,
        "6": 0.8506628965762701,
        "7": 0.9922544757928502,
        "8": 0.0,
        "9": 0.22268041237113403,
        "10": 0.0,
        "11": "NaN",
        "12": 0.7797670892609438
    },
    "NLD-HMC-0008": {
        "0": 0.990802351758123,
        "1": 0.9836644842866049,
        "2": 0.9509831703609927,
        "3": 0.9400634550458964,
        "4": 0.6512227549252649,
        "5": 0.9597719353816915,
        "6": 0.7766412074922713,
        "7": 0.9906745272184365,
        "8": 0.9170646052377995,
        "9": "NaN",
        "10": "NaN",
        "11": "NaN",
        "12": "NaN"
    },
    "NLD-ISALA-0057": {
        "0": 0.9875969451958245,
        "1": 0.9899966739127047,
        "2": 0.9647812830564371,
        "3": 0.8858613450856652,
        "4": 0.7851738926636089,
        "5": 0.8239905722667513,
        "6": 0.8329424132578932,
        "7": 0.9911076610434771,
        "8": 0.9407082591643874,
        "9": "NaN",
        "10": "NaN",
        "11": "NaN",
        "12": "NaN"
    },
    "NLD-ISALA-0062": {
        "0": 0.9932072994752963,
        "1": 0.9866624479762456,
        "2": 0.949821692369939,
        "3": 0.8869753181444991,
        "4": 0.856061829041892,
        "5": 0.0,
        "6": 0.8241528122404683,
        "7": 0.9923465218018365,
        "8": 0.429732868757259,
        "9": "NaN",
        "10": "NaN",
        "11": "NaN",
        "12": 0.0
    },
    "NLD-ISALA-0065-LAD": {
        "0": 0.991925872127358,
        "1": 0.9846905405758944,
        "2": 0.9517547610031394,
        "3": 0.9317093505119609,
        "4": 0.7859444893559687,
        "5": "NaN",
        "6": 0.8211588089037626,
        "7": 0.9881659771844051,
        "8": "NaN",
        "9": "NaN",
        "10": "NaN",
        "11": "NaN",
        "12": "NaN"
    },
    "NLD-ISALA-0065-MO1": {
        "0": 0.9869273494148778,
        "1": 0.9926644740335834,
        "2": 0.963357171126815,
        "3": 0.9256960029709458,
        "4": 0.7604160352387302,
        "5": 0.12718204488778054,
        "6": 0.859776579954691,
        "7": 0.9923028076651454,
        "8": 0.9267551680866521,
        "9": "NaN",
        "10": "NaN",
        "11": "NaN",
        "12": "NaN"
    },
    "NLD-ISALA-0073": {
        "0": 0.989680227343435,
        "1": 0.9724576828515636,
        "2": 0.9389700453538656,
        "3": 0.8358800930481566,
        "4": 0.0,
        "5": 0.2016724053123463,
        "6": 0.6408015292334058,
        "7": 0.9775580880894625,
        "8": "NaN",
        "9": "NaN",
        "10": "NaN",
        "11": "NaN",
        "12": "NaN"
    },
    "NLD-ISALA-0087": {
        "0": 0.9856600948850344,
        "1": 0.9905773233696735,
        "2": 0.9525132203056452,
        "3": 0.9138544012391004,
        "4": 0.7294758426246315,
        "5": 0.8304412151044619,
        "6": 0.7287059391598262,
        "7": 0.9922611972383096,
        "8": 0.9078651685393259,
        "9": "NaN",
        "10": "NaN",
        "11": "NaN",
        "12": "NaN"
    },
    "NLD-ISALA-0089": {
        "0": 0.991532590143249,
        "1": 0.9870450222753289,
        "2": 0.9342914357957229,
        "3": 0.888948140247967,
        "4": 0.801338442441578,
        "5": 0.6978008401284902,
        "6": 0.8629290169788627,
        "7": 0.9910489689076166,
        "8": 0.7994763255509492,
        "9": "NaN",
        "10": "NaN",
        "11": "NaN",
        "12": "NaN"
    },
    "NLD-ISALA-0093": {
        "0": 0.9771664088200032,
        "1": 0.9670138764805971,
        "2": 0.9315662285391915,
        "3": 0.8230356777491609,
        "4": 0.7293722870237893,
        "5": 0.7759562841530054,
        "6": 0.6679353955211857,
        "7": 0.9743147878948064,
        "8": 0.7511364690602097,
        "9": "NaN",
        "10": "NaN",
        "11": "NaN",
        "12": "NaN"
    },
    "NLD-ISALA-0097": {
        "0": 0.9936451781476078,
        "1": 0.9861450901142409,
        "2": 0.9632595305728073,
        "3": 0.9179902712067701,
        "4": 0.8186803642770292,
        "5": 0.7910487241434038,
        "6": 0.8521049448881022,
        "7": 0.983992985053229,
        "8": 0.8426149564097256,
        "9": "NaN",
        "10": "NaN",
        "11": "NaN",
        "12": "NaN"
    }
}