{
    "NLD-AMPH-0028": {
        "0": 0.9808822901012246,
        "1": 0.9711042035823765,
        "2": 0.9408476862277001,
        "3": 0.9085093898330299,
        "4": 0.7558660022247168,
        "5": 0.6528341602766501,
        "6": 0.6908107266570661,
        "7": 0.9975851341001785,
        "8": 0.6446412871684631,
        "9": 0.0,
        "10": 0.27420689655172414,
        "11": 0.0004869734599464329,
        "12": 0.0
    },
    "NLD-AMPH-0005": {
        "0": 0.98968282234317,
        "1": 0.9695388532197156,
        "2": 0.9271676702176934,
        "3": 0.9142899818048502,
        "4": 0.7337677051849217,
        "5": 0.8658438852380189,
        "6": 0.8745655222879444,
        "7": 0.9909491828322716,
        "8": 0.38552584217324104,
        "9": "NaN",
        "10": "NaN",
        "11": "NaN",
        "12": "NaN"
    },
    "NLD-ISALA-0097": {
        "0": 0.9894223297005446,
        "1": 0.9850362104390737,
        "2": 0.9372714790529004,
        "3": 0.9013334314345063,
        "4": 0.743973645068899,
        "5": 0.7231437734938096,
        "6": 0.825076024582342,
        "7": 0.9842886878552558,
        "8": 0.7063426899984605,
        "9": "NaN",
        "10": "NaN",
        "11": "NaN",
        "12": "NaN"
    },
    "NLD-ISALA-0089": {
        "0": 0.9887345951771841,
        "1": 0.9838674430861388,
        "2": 0.9081451929317634,
        "3": 0.8740605911455854,
        "4": 0.7731273192074012,
        "5": 0.6867982965543941,
        "6": 0.8566667567397159,
        "7": 0.9916964439813601,
        "8": 0.8044816071970637,
        "9": "NaN",
        "10": "NaN",
        "11": "NaN",
        "12": "NaN"
    },
    "NLD-AMPH-0051-LAD": {
        "0": 0.9880046767217976,
        "1": 0.9889163950864879,
        "2": 0.9146492079407891,
        "3": 0.9015630662189259,
        "4": 0.7114492661541394,
        "5": 0.6892115419959566,
        "6": 0.8103658491528054,
        "7": 0.9906182641462621,
        "8": 0.9250526315789473,
        "9": "NaN",
        "10": "NaN",
        "11": "NaN",
        "12": "NaN"
    },
    "NLD-ISALA-0065-LAD": {
        "0": 0.9854050091528087,
        "1": 0.9910448418898435,
        "2": 0.9354363051129229,
        "3": 0.8917380843880616,
        "4": 0.7477841954154125,
        "5": 0.5383569918453639,
        "6": 0.7696194288344833,
        "7": 0.9939332755550053,
        "8": 0.9421188941757513,
        "9": "NaN",
        "10": "NaN",
        "11": "NaN",
        "12": "NaN"
    },
    "NLD-ISALA-0087": {
        "0": 0.9787204840218029,
        "1": 0.9892494756004275,
        "2": 0.9284805117974119,
        "3": 0.8928578600130745,
        "4": 0.6526735930680728,
        "5": 0.7747787480521008,
        "6": 0.6539466402399001,
        "7": 0.9921093294829901,
        "8": 0.9065029305051633,
        "9": "NaN",
        "10": "NaN",
        "11": "NaN",
        "12": "NaN"
    },
    "NLD-AMPH-0054": {
        "0": 0.9865370179646434,
        "1": 0.9816697774481182,
        "2": 0.9413932040100453,
        "3": 0.8823826246659098,
        "4": 0.7541311967951928,
        "5": 0.8030217879993083,
        "6": 0.836119487563498,
        "7": 0.9917142565776056,
        "8": 0.0,
        "9": 0.0,
        "10": 0.0,
        "11": "NaN",
        "12": 0.605672393364929
    },
    "NLD-ISALA-0062": {
        "0": 0.9901267619455012,
        "1": 0.9840731843397134,
        "2": 0.932595644669948,
        "3": 0.8095137445544321,
        "4": 0.8155776217001696,
        "5": 0.0,
        "6": 0.7298906996531187,
        "7": 0.9917618946678742,
        "8": 0.680560611576265,
        "9": "NaN",
        "10": "NaN",
        "11": "NaN",
        "12": 0.0
    },
    "NLD-ISALA-0065-MO1": {
        "0": 0.984060161754003,
        "1": 0.9922828223174873,
        "2": 0.9421791226596111,
        "3": 0.9276027159708093,
        "4": 0.7410833733645319,
        "5": 0.08996800301148128,
        "6": 0.8473032498484971,
        "7": 0.9925231757796029,
        "8": 0.948755903291746,
        "9": "NaN",
        "10": "NaN",
        "11": "NaN",
        "12": "NaN"
    },
    "NLD-ISALA-0073": {
        "0": 0.9859594984247467,
        "1": 0.9755801736780011,
        "2": 0.9139494528254359,
        "3": 0.8569775075987842,
        "4": 0.6422761557577151,
        "5": 0.0,
        "6": 0.6724158634165511,
        "7": 0.9828165857302951,
        "8": 0.9006701321475543,
        "9": "NaN",
        "10": "NaN",
        "11": "NaN",
        "12": "NaN"
    },
    "NLD-ISALA-0093": {
        "0": 0.9753346126029133,
        "1": 0.9625370506563259,
        "2": 0.9069708774125487,
        "3": 0.7983692553830148,
        "4": 0.7025712345796447,
        "5": 0.16893453145057766,
        "6": 0.6658147341724868,
        "7": 0.972335994998119,
        "8": 0.6854136074400392,
        "9": "NaN",
        "10": "NaN",
        "11": "NaN",
        "12": "NaN"
    },
    "NLD-ISALA-0057": {
        "0": 0.9841948936006935,
        "1": 0.9900949016146723,
        "2": 0.9295875733045895,
        "3": 0.8840225492312185,
        "4": 0.8030522443903416,
        "5": 0.8155089244732352,
        "6": 0.8125632484398718,
        "7": 0.9901218307540336,
        "8": 0.9115258020313891,
        "9": "NaN",
        "10": "NaN",
        "11": "NaN",
        "12": "NaN"
    },
    "NLD-HMC-0008": {
        "0": 0.9868108780870609,
        "1": 0.9668530077072418,
        "2": 0.9265692286677643,
        "3": 0.9417716873876598,
        "4": 0.7239697068252567,
        "5": 0.904248145650708,
        "6": 0.8015682760165789,
        "7": 0.989980205919811,
        "8": 0.17768130547695646,
        "9": "NaN",
        "10": "NaN",
        "11": "NaN",
        "12": "NaN"
    },
    "NLD-AMPH-0011": {
        "0": 0.978045376549507,
        "1": 0.9838962893202885,
        "2": 0.9433180875160161,
        "3": 0.9320559739012367,
        "4": 0.7824146413156144,
        "5": 0.0,
        "6": 0.7842646785808507,
        "7": 0.9913734081884157,
        "8": 0.910577295621852,
        "9": "NaN",
        "10": "NaN",
        "11": "NaN",
        "12": "NaN"
    }
}