{
    "NLD-AMPH-0028": {
        "0": 0.9849482800470293,
        "1": 0.9798490107435887,
        "2": 0.9695616713163022,
        "3": 0.9256856259545847,
        "4": 0.8023445328274348,
        "5": 0.7786123899523464,
        "6": 0.7628945998390837,
        "7": 0.998996623675287,
        "8": 0.7740855035375583,
        "9": 0.0,
        "10": 0.42011706048124864,
        "11": 0.0,
        "12": 0.0
    },
    "NLD-AMPH-0005": {
        "0": 0.9917149414596351,
        "1": 0.9827043895078039,
        "2": 0.9494338892826355,
        "3": 0.9126426135646024,
        "4": 0.7313478342214492,
        "5": 0.881285140562249,
        "6": 0.8771498654925535,
        "7": 0.9910929386583739,
        "8": 0.7856923002154579,
        "9": "NaN",
        "10": "NaN",
        "11": "NaN",
        "12": "NaN"
    },
    "NLD-ISALA-0097": {
        "0": 0.9929792927884807,
        "1": 0.9857344823831786,
        "2": 0.963126738463733,
        "3": 0.911868480737682,
        "4": 0.7839537650858406,
        "5": 0.7721255339428813,
        "6": 0.8454429010806955,
        "7": 0.9841667334455219,
        "8": 0.7945673139138634,
        "9": "NaN",
        "10": "NaN",
        "11": "NaN",
        "12": "NaN"
    },
    "NLD-ISALA-0089": {
        "0": 0.9912898862377093,
        "1": 0.9846851711555968,
        "2": 0.9287201865838918,
        "3": 0.8817481719352899,
        "4": 0.752648908253701,
        "5": 0.31721080209592906,
        "6": 0.8622374839181421,
        "7": 0.9913064600672471,
        "8": 0.8316329438586492,
        "9": "NaN",
        "10": "NaN",
        "11": "NaN",
        "12": "NaN"
    },
    "NLD-AMPH-0051-LAD": {
        "0": 0.9922915529908436,
        "1": 0.9904520134344161,
        "2": 0.9478263292314836,
        "3": 0.9307774019375082,
        "4": 0.7908243819677483,
        "5": 0.7879392971246006,
        "6": 0.8362555187844107,
        "7": 0.9915299551312353,
        "8": 0.9487585842577919,
        "9": "NaN",
        "10": "NaN",
        "11": "NaN",
        "12": "NaN"
    },
    "NLD-ISALA-0065-LAD": {
        "0": 0.9893412414351594,
        "1": 0.9919300417791636,
        "2": 0.9691869871556545,
        "3": 0.9257962164164333,
        "4": 0.7708013901089099,
        "5": 0.7022076092062001,
        "6": 0.8027068154569769,
        "7": 0.9943098419718256,
        "8": 0.9443784059156799,
        "9": 0.0,
        "10": "NaN",
        "11": "NaN",
        "12": "NaN"
    },
    "NLD-ISALA-0087": {
        "0": 0.9833809190157022,
        "1": 0.9902392970114615,
        "2": 0.9534529894523951,
        "3": 0.9077744975549837,
        "4": 0.6743621970129764,
        "5": 0.8264843368450429,
        "6": 0.7060662560973313,
        "7": 0.9924270702188368,
        "8": 0.8797715659753532,
        "9": "NaN",
        "10": "NaN",
        "11": "NaN",
        "12": "NaN"
    },
    "NLD-AMPH-0054": {
        "0": 0.9893707352155088,
        "1": 0.9858509235526564,
        "2": 0.9593138922390244,
        "3": 0.8963893883077696,
        "4": 0.7607661962570738,
        "5": 0.842622679388207,
        "6": 0.8494960507945278,
        "7": 0.9922545797345155,
        "8": 0.0,
        "9": 0.09448818897637795,
        "10": 0.0,
        "11": "NaN",
        "12": 0.7560776101822465
    },
    "NLD-ISALA-0062": {
        "0": 0.9927638381156041,
        "1": 0.9861714475211407,
        "2": 0.9464743083676617,
        "3": 0.8811091568300008,
        "4": 0.8388321358983784,
        "5": 0.0,
        "6": 0.8188474025138788,
        "7": 0.9927755610852541,
        "8": 0.352276295133438,
        "9": "NaN",
        "10": "NaN",
        "11": "NaN",
        "12": 0.0
    },
    "NLD-ISALA-0065-MO1": {
        "0": 0.986154174418062,
        "1": 0.9926792495567204,
        "2": 0.967477940848242,
        "3": 0.9241999932604875,
        "4": 0.7449589021811953,
        "5": 0.15551020408163266,
        "6": 0.8577217866267289,
        "7": 0.9922037823234272,
        "8": 0.9515159792406447,
        "9": "NaN",
        "10": "NaN",
        "11": "NaN",
        "12": "NaN"
    },
    "NLD-ISALA-0073": {
        "0": 0.9886207603799552,
        "1": 0.9711543327008223,
        "2": 0.9301578066356045,
        "3": 0.8726428485504631,
        "4": 0.776173055105865,
        "5": 0.4536082474226804,
        "6": 0.6698903450120353,
        "7": 0.9841840875688245,
        "8": 0.8780162672748669,
        "9": "NaN",
        "10": "NaN",
        "11": "NaN",
        "12": "NaN"
    },
    "NLD-ISALA-0093": {
        "0": 0.9778720182135261,
        "1": 0.9694747936915941,
        "2": 0.9265327358474733,
        "3": 0.818176873961802,
        "4": 0.7235432555231152,
        "5": 0.16889754198101728,
        "6": 0.6671388667198723,
        "7": 0.9736096126589241,
        "8": 0.7637888272115271,
        "9": "NaN",
        "10": "NaN",
        "11": "NaN",
        "12": "NaN"
    },
    "NLD-ISALA-0057": {
        "0": 0.9872487919242349,
        "1": 0.9907831170412872,
        "2": 0.9633812620053914,
        "3": 0.8913864620477824,
        "4": 0.7940684526730125,
        "5": 0.8454553964242254,
        "6": 0.8325541925473635,
        "7": 0.9911721246258572,
        "8": 0.9453560572227104,
        "9": "NaN",
        "10": "NaN",
        "11": "NaN",
        "12": "NaN"
    },
    "NLD-HMC-0008": {
        "0": 0.9912428369987488,
        "1": 0.988142395158253,
        "2": 0.9448068329903044,
        "3": 0.9415786711022339,
        "4": 0.7611809681728157,
        "5": 0.9152095018145826,
        "6": 0.7975507514739796,
        "7": 0.9904117142507046,
        "8": 0.9533471899244748,
        "9": "NaN",
        "10": "NaN",
        "11": "NaN",
        "12": "NaN"
    },
    "NLD-AMPH-0011": {
        "0": 0.9751122865574974,
        "1": 0.9865020642595416,
        "2": 0.9599536852191967,
        "3": 0.9229799232651982,
        "4": 0.7038551401869159,
        "5": "NaN",
        "6": 0.7517178012144455,
        "7": 0.9915483140193431,
        "8": 0.9578745433999948,
        "9": "NaN",
        "10": "NaN",
        "11": "NaN",
        "12": "NaN"
    }
}