{
    "NLDAMPH0005_1": {
        "0": 0.9895430700229159,
        "1": 0.9782899115050093,
        "2": 0.9229406817281829,
        "3": 0.9189541414545002,
        "4": 0.728419967604182,
        "5": 0.8556870479947403,
        "6": 0.8731000980895884,
        "7": 0.9901140902951404,
        "8": 0.6707870793985118,
        "9": "NaN",
        "10": "NaN",
        "11": "NaN",
        "12": "NaN"
    },
    "NLDAMPH0011_1": {
        "0": 0.9753441158795896,
        "1": 0.9875590681624877,
        "2": 0.9457749129575609,
        "3": 0.9243692561078332,
        "4": 0.7590258930536199,
        "5": 0.0,
        "6": 0.7419830552583639,
        "7": 0.9918608124253285,
        "8": 0.9434551702592939,
        "9": "NaN",
        "10": "NaN",
        "11": "NaN",
        "12": "NaN"
    },
    "NLDAMPH0028_1": {
        "0": 0.9816299816807514,
        "1": 0.9803966752931207,
        "2": 0.9432414897516362,
        "3": 0.9116147769183547,
        "4": 0.7696013450160044,
        "5": 0.6025797030907764,
        "6": 0.712122216644725,
        "7": 0.997865383700026,
        "8": 0.767876924719606,
        "9": 0.0,
        "10": 0.27794263105835804,
        "11": 0.0,
        "12": 0.0
    }
    "NLDAMPH0051_1": {
        "0": 0.9891800024848875,
        "1": 0.9904079335854175,
        "2": 0.9140541670463256,
        "3": 0.9244032381497266,
        "4": 0.7397433684331665,
        "5": 0.8510830324909747,
        "6": 0.8311344083633186,
        "7": 0.9913352415970461,
        "8": 0.9412610479130545,
        "9": "NaN",
        "10": "NaN",
        "11": "NaN",
        "12": "NaN"
    },
    "NLDAMPH0054_1": {
        "0": 0.9872546607293358,
        "1": 0.9849505775910133,
        "2": 0.9347605688972863,
        "3": 0.8964572142782746,
        "4": 0.7898973061982529,
        "5": 0.8397077516095363,
        "6": 0.8383616748948619,
        "7": 0.9924877074467747,
        "8": 0.0,
        "9": 0.08807896735003796,
        "10": "NaN",
        "11": "NaN",
        "12": 0.7377152946663558
    },
    "NLDHMC0008_1": {
        "0": 0.9889010335972155,
        "1": 0.9500453497175325,
        "2": 0.9191639794240716,
        "3": 0.9400618913199292,
        "4": 0.7668072564662839,
        "5": 0.9171890465193006,
        "6": 0.7888114659357353,
        "7": 0.9904481547920212,
        "8": 0.40072057646116893,
        "9": "NaN",
        "10": "NaN",
        "11": "NaN",
        "12": "NaN"
    },
    "NLDISALA0057_1": {
        "0": 0.9847855906723768,
        "1": 0.9906988275078005,
        "2": 0.9356630624605209,
        "3": 0.8831526600121642,
        "4": 0.8120827414215507,
        "5": 0.8615747005462837,
        "6": 0.82445466686452,
        "7": 0.9909295617852444,
        "8": 0.9238957350050927,
        "9": "NaN",
        "10": "NaN",
        "11": "NaN",
        "12": "NaN"
    },
    "NLDISALA0062_1": {
        "0": 0.991002998691261,
        "1": 0.9853289924114718,
        "2": 0.9271456937940845,
        "3": 0.8629425511985486,
        "4": 0.8308652270178566,
        "5": 0.0,
        "6": 0.766179870006255,
        "7": 0.9919020724713872,
        "8": 0.6885540007176175,
        "9": "NaN",
        "10": "NaN",
        "11": "NaN",
        "12": 0.0
    },
    "NLDISALA0065_1": {
        "0": 0.9906201009639818,
        "1": 0.9858229639956962,
        "2": 0.9310120617043869,
        "3": 0.946136104666328,
        "4": 0.7903457392255624,
        "5": "NaN",
        "6": 0.8258947567490899,
        "7": 0.9883780700324712,
        "8": "NaN",
        "9": "NaN",
        "10": "NaN",
        "11": "NaN",
        "12": "NaN"
    },
    "NLDISALA0065_2": {
        "0": 0.9851062414076275,
        "1": 0.9923609170436979,
        "2": 0.9447366899109482,
        "3": 0.9299410603476944,
        "4": 0.7615744136818058,
        "5": 0.26991633321207714,
        "6": 0.8543224539204715,
        "7": 0.9919297765672113,
        "8": 0.9196176854844255,
        "9": "NaN",
        "10": "NaN",
        "11": "NaN",
        "12": "NaN"
    },
    "NLDISALA0073_1": {
        "0": 0.9886014113510084,
        "1": 0.9726140239027697,
        "2": 0.9196148961130879,
        "3": 0.828965085447681,
        "4": 0.0,
        "5": 0.0,
        "6": 0.6462029940193905,
        "7": 0.9785722994391611,
        "8": "NaN",
        "9": "NaN",
        "10": "NaN",
        "11": "NaN",
        "12": "NaN"
    },
    "NLDISALA0087_1": {
        "0": 0.9805778164174693,
        "1": 0.9898739211074248,
        "2": 0.9310714434017108,
        "3": 0.9038341867576986,
        "4": 0.690197435453794,
        "5": 0.8279231415670802,
        "6": 0.6722642214857389,
        "7": 0.9925418569254185,
        "8": 0.9017988793866116,
        "9": "NaN",
        "10": "NaN",
        "11": "NaN",
        "12": "NaN"
    },
    "NLDISALA0089_1": {
        "0": 0.9901790165103017,
        "1": 0.9838858609439296,
        "2": 0.9151232743075058,
        "3": 0.872000776834085,
        "4": 0.7659395604740306,
        "5": 0.4699828473413379,
        "6": 0.8549049689699311,
        "7": 0.9912610195477194,
        "8": 0.8247922242569375,
        "9": "NaN",
        "10": "NaN",
        "11": "NaN",
        "12": "NaN"
    },
    "NLDISALA0093_1": {
        "0": 0.9757232140671057,
        "1": 0.9670112397164227,
        "2": 0.9073436230706743,
        "3": 0.8094452002649919,
        "4": 0.7314687755693509,
        "5": 0.17030982702908193,
        "6": 0.6607335096718253,
        "7": 0.9743202177417224,
        "8": 0.7706077015643803,
        "9": "NaN",
        "10": "NaN",
        "11": "NaN",
        "12": "NaN"
    },
    "NLDISALA0097_1": {
        "0": 0.9898999948451551,
        "1": 0.9854416100002559,
        "2": 0.9362366910815308,
        "3": 0.9026894062344794,
        "4": 0.7544482614698045,
        "5": 0.7304706286499485,
        "6": 0.8317791177000434,
        "7": 0.9839658061571571,
        "8": 0.7150917053952225,
        "9": "NaN",
        "10": "NaN",
        "11": "NaN",
        "12": "NaN"
    }
}