{
    "NLD-AMPH-0005": {
        "0": 0.9920924036218505,
        "1": 0.9723554950060321,
        "2": 0.9521628951756963,
        "3": 0.9120485607707585,
        "4": 0.738877744177304,
        "5": 0.8947622884770347,
        "6": 0.8849225394022,
        "7": 0.9907452228383553,
        "8": 0.49423518833050256,
        "9": "NaN",
        "10": "NaN",
        "11": "NaN",
        "12": "NaN"
    },
    "NLD-AMPH-0011": {
        "0": 0.9754017980068307,
        "1": 0.9874461349489987,
        "2": 0.958820291496813,
        "3": 0.9294909057297497,
        "4": 0.7128970590745387,
        "5": 0.0,
        "6": 0.7572531666683019,
        "7": 0.9925013989927253,
        "8": 0.9695591731736154,
        "9": "NaN",
        "10": "NaN",
        "11": "NaN",
        "12": "NaN"
    },
    "NLD-AMPH-0028": {
        "0": 0.9849395888464594,
        "1": 0.981989583233459,
        "2": 0.9670741865812721,
        "3": 0.9219991242884844,
        "4": 0.7902242314206024,
        "5": 0.6142376142376142,
        "6": 0.7791061022643032,
        "7": 0.9979942315857283,
        "8": 0.7897021936425411,
        "9": 0.0,
        "10": 0.4636568848758465,
        "11": 0.0,
        "12": 0.0
    }
    "NLD-AMPH-0051-LAD": {
        "0": 0.9921139468560889,
        "1": 0.9905797033140716,
        "2": 0.9445752477529384,
        "3": 0.9300558140224393,
        "4": 0.7876732431110386,
        "5": 0.619377720457843,
        "6": 0.8409733929487649,
        "7": 0.9914030794014684,
        "8": 0.9344787793306835,
        "9": "NaN",
        "10": 0.0,
        "11": "NaN",
        "12": "NaN"
    },
    "NLD-AMPH-0054": {
        "0": 0.9892131947879084,
        "1": 0.9855213295225997,
        "2": 0.9584257558449696,
        "3": 0.8905017364959729,
        "4": 0.7519647083754929,
        "5": 0.8331600831600832,
        "6": 0.8506864113732667,
        "7": 0.9920221063422026,
        "8": 0.0,
        "9": 0.4686192468619247,
        "10": "NaN",
        "11": "NaN",
        "12": 0.756134365568823
    },
    "NLD-HMC-0008": {
        "0": 0.9913167626765312,
        "1": 0.9865779826993571,
        "2": 0.9468173836698859,
        "3": 0.942854034352858,
        "4": 0.7890922363001199,
        "5": 0.9270557029177718,
        "6": 0.7794705155740532,
        "7": 0.9908082893630038,
        "8": 0.9468131684840397,
        "9": "NaN",
        "10": "NaN",
        "11": "NaN",
        "12": "NaN"
    },
    "NLD-ISALA-0057": {
        "0": 0.9866151324609491,
        "1": 0.990208487601885,
        "2": 0.9602606323816154,
        "3": 0.8875692537652927,
        "4": 0.7867982177239422,
        "5": 0.833424836152764,
        "6": 0.8377038902102844,
        "7": 0.991277014744496,
        "8": 0.942755625740229,
        "9": "NaN",
        "10": "NaN",
        "11": "NaN",
        "12": "NaN"
    },
    "NLD-ISALA-0062": {
        "0": 0.9931590816335191,
        "1": 0.9871148484187713,
        "2": 0.9534474853090514,
        "3": 0.8887191746755018,
        "4": 0.8525438199989955,
        "5": "NaN",
        "6": 0.8245998470720455,
        "7": 0.9928022940282135,
        "8": 0.4063721070033063,
        "9": "NaN",
        "10": "NaN",
        "11": "NaN",
        "12": 0.0
    },
    "NLD-ISALA-0065-LAD": {
        "0": 0.9916932759200319,
        "1": 0.9849064868776902,
        "2": 0.9530899201129249,
        "3": 0.9425027557645029,
        "4": 0.7649415084892348,
        "5": "NaN",
        "6": 0.8212743993993994,
        "7": 0.988479811465032,
        "8": "NaN",
        "9": "NaN",
        "10": "NaN",
        "11": "NaN",
        "12": "NaN"
    },
    "NLD-ISALA-0065-MO1": {
        "0": 0.9863924077664927,
        "1": 0.9925855528448594,
        "2": 0.9651625330607797,
        "3": 0.9271752371975565,
        "4": 0.7428057366362452,
        "5": 0.1386696730552424,
        "6": 0.8636159567525536,
        "7": 0.9924160603866741,
        "8": 0.9353207346286931,
        "9": "NaN",
        "10": "NaN",
        "11": "NaN",
        "12": "NaN"
    },
    "NLD-ISALA-0073": {
        "0": 0.9901841780187352,
        "1": 0.9728093375450496,
        "2": 0.934552381948234,
        "3": 0.8541114449503235,
        "4": 0.0,
        "5": 0.187468671679198,
        "6": 0.6435651211286461,
        "7": 0.9785269061371291,
        "8": "NaN",
        "9": "NaN",
        "10": "NaN",
        "11": "NaN",
        "12": "NaN"
    },
    "NLD-ISALA-0087": {
        "0": 0.9841923297884834,
        "1": 0.9904855442470701,
        "2": 0.9537097963357883,
        "3": 0.9069876416989525,
        "4": 0.6924335893239331,
        "5": 0.8226540124670073,
        "6": 0.7168466960799229,
        "7": 0.9918565643419864,
        "8": 0.8419753086419753,
        "9": "NaN",
        "10": "NaN",
        "11": "NaN",
        "12": "NaN"
    },
    "NLD-ISALA-0089": {
        "0": 0.9914817648788762,
        "1": 0.9863966065117485,
        "2": 0.9370468703110096,
        "3": 0.8870434646510215,
        "4": 0.7735177697898419,
        "5": 0.4177510844177511,
        "6": 0.856480875950597,
        "7": 0.9910988316817785,
        "8": 0.8144669908882554,
        "9": "NaN",
        "10": "NaN",
        "11": "NaN",
        "12": "NaN"
    },
    "NLD-ISALA-0093": {
        "0": 0.9793144509419374,
        "1": 0.9709311113449599,
        "2": 0.9244408873469839,
        "3": 0.8204584113274667,
        "4": 0.7421072318209673,
        "5": 0.25528662420382164,
        "6": 0.6634931384069951,
        "7": 0.9746667582432097,
        "8": 0.8087645892975116,
        "9": "NaN",
        "10": "NaN",
        "11": "NaN",
        "12": "NaN"
    },
    "NLD-ISALA-0097": {
        "0": 0.9934894758809435,
        "1": 0.9861344362749648,
        "2": 0.963571901722269,
        "3": 0.9127588765742337,
        "4": 0.7718718029559186,
        "5": 0.7575927614505156,
        "6": 0.8501867187479976,
        "7": 0.9840828558190079,
        "8": 0.8541256215404822,
        "9": "NaN",
        "10": "NaN",
        "11": "NaN",
        "12": "NaN"
    }
}