{
    "NLD-AMPH-0005": {
        "1": 0.9940266503293,
        "10": NaN,
        "11": NaN,
        "12": NaN,
        "2": 0.8881125483901425,
        "3": 0.9383679559279238,
        "4": 0.8112716320383889,
        "5": NaN,
        "6": 0.9279242510815444,
        "7": 0.992078001218769,
        "8": NaN,
        "9": NaN,
        "frame": "80"
    },
    "NLD-AMPH-0011": {
        "1": 0.9722535949234441,
        "10": NaN,
        "11": NaN,
        "12": NaN,
        "2": 0.9546429848611276,
        "3": 0.9403885926530382,
        "4": NaN,
        "5": 0.0,
        "6": 0.8116050538137576,
        "7": 0.9914921950136865,
        "8": NaN,
        "9": NaN,
        "frame": "40"
    },
    "NLD-AMPH-0051-LAD": {
        "1": 0.9948158253751705,
        "10": NaN,
        "11": NaN,
        "12": NaN,
        "2": 0.8915702963257283,
        "3": 0.9460406906267405,
        "4": 0.7915194346289752,
        "5": NaN,
        "6": 0.9334862385321101,
        "7": 0.9945770065075922,
        "8": NaN,
        "9": NaN,
        "frame": "90"
    },
    "NLD-AMPH-0054": {
        "1": 0.9936704567394242,
        "10": NaN,
        "11": NaN,
        "12": NaN,
        "2": 0.959731543624161,
        "3": 0.9427951902227479,
        "4": NaN,
        "5": NaN,
        "6": 0.8729893959251758,
        "7": 0.9890816631767874,
        "8": NaN,
        "9": NaN,
        "frame": "80"
    },
    "NLD-HMC-0008": {
        "1": 0.9950160510636171,
        "10": NaN,
        "11": NaN,
        "12": NaN,
        "2": 0.9821926059784655,
        "3": 0.9804590835395511,
        "4": NaN,
        "5": NaN,
        "6": 0.9011885341412258,
        "7": 0.9933602991681294,
        "8": NaN,
        "9": NaN,
        "frame": "80"
    },
    "NLD-ISALA-0057": {
        "1": 0.985020893603343,
        "10": NaN,
        "11": NaN,
        "12": NaN,
        "2": 0.9676322121908415,
        "3": 0.8769505331075825,
        "4": 0.8645909402730753,
        "5": 0.0,
        "6": 0.8386794661671739,
        "7": 0.9873360470375395,
        "8": NaN,
        "9": NaN,
        "frame": "80"
    },
    "NLD-ISALA-0062": {
        "1": 0.9922184580638538,
        "10": NaN,
        "11": NaN,
        "12": NaN,
        "2": 0.9383045977011494,
        "3": 0.25302798982188296,
        "4": 0.0,
        "5": 0.0,
        "6": 0.45666394112837283,
        "7": 0.9921989650111995,
        "8": NaN,
        "9": NaN,
        "frame": "80"
    },
    "NLD-ISALA-0065-LAD": {
        "1": 0.9862087799549396,
        "10": NaN,
        "11": NaN,
        "12": NaN,
        "2": 0.9459999125504657,
        "3": 0.9123780487804878,
        "4": 0.0,
        "5": 0.0,
        "6": 0.7270535997462734,
        "7": 0.9852282900626679,
        "8": NaN,
        "9": NaN,
        "frame": "40"
    },
    "NLD-ISALA-0065-MO1": {
        "1": 0.9899987885477379,
        "10": NaN,
        "11": NaN,
        "12": NaN,
        "2": 0.9326785348884796,
        "3": 0.9205077140869065,
        "4": 0.0,
        "5": 0.0,
        "6": 0.5819615117087874,
        "7": 0.9888068225081855,
        "8": NaN,
        "9": NaN,
        "frame": "80"
    },
    "NLD-ISALA-0073": {
        "1": 0.9720388815552622,
        "10": NaN,
        "11": NaN,
        "12": NaN,
        "2": 0.9232772587556592,
        "3": 0.8918786692759295,
        "4": 0.0,
        "5": 0.0,
        "6": 0.7601794340924776,
        "7": 0.9610227627065794,
        "8": NaN,
        "9": NaN,
        "frame": "80"
    },
    "NLD-ISALA-0087": {
        "1": 0.9749084349204614,
        "10": NaN,
        "11": NaN,
        "12": NaN,
        "2": 0.878864398831211,
        "3": 0.783058031178332,
        "4": 0.18570851836899474,
        "5": 0.5768701239100504,
        "6": 0.8125046409742334,
        "7": 0.9932723561871646,
        "8": NaN,
        "9": NaN,
        "frame": "80"
    },
    "NLD-ISALA-0089": {
        "1": 0.9821801340982926,
        "10": NaN,
        "11": NaN,
        "12": NaN,
        "2": 0.919689539830481,
        "3": 0.7508529318109448,
        "4": NaN,
        "5": NaN,
        "6": 0.8883797887234314,
        "7": 0.9903157231714038,
        "8": NaN,
        "9": NaN,
        "frame": "80"
    },
    "NLD-ISALA-0093": {
        "1": 0.9434918160561184,
        "10": NaN,
        "11": NaN,
        "12": NaN,
        "2": 0.9358592796092796,
        "3": 0.7046703296703297,
        "4": 0.37784135491736986,
        "5": 0.0,
        "6": 0.5080213903743316,
        "7": 0.9731182795698925,
        "8": NaN,
        "9": NaN,
        "frame": "80"
    },
    "NLD-ISALA-0097": {
        "1": 0.9517321252171543,
        "10": NaN,
        "11": NaN,
        "12": NaN,
        "2": 0.9609174536123863,
        "3": 0.8791473636290603,
        "4": 0.0,
        "5": 0.0,
        "6": 0.8295600170867151,
        "7": 0.9802040505558094,
        "8": 0.8258176510040636,
        "9": NaN,
        "frame": "80"
    }
}