{
    "NLD-AMPH-0028": {
        "0": 0.9816299816807514,
        "1": 0.9803966752931207,
        "2": 0.9432414897516362,
        "3": 0.9116147769183547,
        "4": 0.7696013450160044,
        "5": 0.6025797030907764,
        "6": 0.712122216644725,
        "7": 0.997865383700026,
        "8": 0.767876924719606,
        "9": 0.0,
        "10": 0.27794263105835804,
        "11": 0.0,
        "12": 0.0
    },
    "NLD-AMPH-0005": {
        "0": 0.9895429052915897,
        "1": 0.9782874524312983,
        "2": 0.9229443691257092,
        "3": 0.9189508078907956,
        "4": 0.7284246487091418,
        "5": 0.8556870479947403,
        "6": 0.8730837856268742,
        "7": 0.9901093479833128,
        "8": 0.6707411819547314,
        "9": "NaN",
        "10": "NaN",
        "11": "NaN",
        "12": "NaN"
    },
    "NLD-ISALA-0097": {
        "0": 0.9899010491556591,
        "1": 0.9854424475576432,
        "2": 0.9362473886662834,
        "3": 0.9026801543435187,
        "4": 0.754472254684149,
        "5": 0.7304864642022811,
        "6": 0.8317817422680959,
        "7": 0.9839659129901757,
        "8": 0.7150926315521045,
        "9": "NaN",
        "10": "NaN",
        "11": "NaN",
        "12": "NaN"
    },
    "NLD-ISALA-0089": {
        "0": 0.9901791172442487,
        "1": 0.983881758523348,
        "2": 0.9151225244300577,
        "3": 0.8720027460243619,
        "4": 0.7659163341614595,
        "5": 0.46960379070470815,
        "6": 0.8549037004177295,
        "7": 0.9912482432605085,
        "8": 0.8248154617681862,
        "9": "NaN",
        "10": "NaN",
        "11": "NaN",
        "12": "NaN"
    },
    "NLD-AMPH-0051-LAD": {
        "0": 0.9891805137785986,
        "1": 0.9904141519577451,
        "2": 0.9140606017294362,
        "3": 0.9244179081122448,
        "4": 0.7397693092354772,
        "5": 0.8512751071992778,
        "6": 0.8311751771316882,
        "7": 0.9913352415970461,
        "8": 0.9413008542671065,
        "9": "NaN",
        "10": "NaN",
        "11": "NaN",
        "12": "NaN"
    },
    "NLD-ISALA-0065-LAD": {
        "0": 0.9866196685009658,
        "1": 0.9917604509414685,
        "2": 0.9428908220655478,
        "3": 0.9196437407224146,
        "4": 0.7810023866348449,
        "5": 0.6585327062458819,
        "6": 0.791395545531435,
        "7": 0.9951767722502359,
        "8": 0.9333416513303596,
        "9": "NaN",
        "10": "NaN",
        "11": "NaN",
        "12": "NaN"
    },
    "NLD-ISALA-0087": {
        "0": 0.9805760311260553,
        "1": 0.9898712206605552,
        "2": 0.9310718011803361,
        "3": 0.9038280962641363,
        "4": 0.6901580832644483,
        "5": 0.8278543755697356,
        "6": 0.6721836050615586,
        "7": 0.9925418569254185,
        "8": 0.9017988793866116,
        "9": "NaN",
        "10": "NaN",
        "11": "NaN",
        "12": "NaN"
    },
    "NLD-AMPH-0054": {
        "0": 0.9872556990094594,
        "1": 0.984950545747696,
        "2": 0.9347630733072961,
        "3": 0.8964622416912675,
        "4": 0.7898973061982529,
        "5": 0.8397023871034411,
        "6": 0.8383531586806579,
        "7": 0.9924813943133388,
        "8": 0.0,
        "9": 0.08807896735003796,
        "10": "NaN",
        "11": "NaN",
        "12": 0.7376732409381663
    },
    "NLD-ISALA-0062": {
        "0": 0.9910033872465371,
        "1": 0.9853311327276155,
        "2": 0.9271495333161688,
        "3": 0.8629667204003262,
        "4": 0.8308804148315705,
        "5": 0.0,
        "6": 0.7662092559052762,
        "7": 0.9919069345706045,
        "8": 0.688436350587602,
        "9": "NaN",
        "10": "NaN",
        "11": "NaN",
        "12": 0.0
    },
    "NLD-ISALA-0065-MO1": {
        "0": 0.9851044855287978,
        "1": 0.9923609170436979,
        "2": 0.9447355274070538,
        "3": 0.9299221317710158,
        "4": 0.7615509562483626,
        "5": 0.2699654356921957,
        "6": 0.8542689695181279,
        "7": 0.9919238774903361,
        "8": 0.9196176854844255,
        "9": "NaN",
        "10": "NaN",
        "11": "NaN",
        "12": "NaN"
    },
    "NLD-ISALA-0073": {
        "0": 0.9871096067743781,
        "1": 0.9763447782885113,
        "2": 0.9179765458773854,
        "3": 0.8693487002377435,
        "4": 0.7677084755015695,
        "5": 0.0,
        "6": 0.666292966684294,
        "7": 0.9845458633586698,
        "8": 0.9119690879062665,
        "9": "NaN",
        "10": "NaN",
        "11": "NaN",
        "12": "NaN"
    },
    "NLD-ISALA-0093": {
        "0": 0.9757223831196578,
        "1": 0.9670112710896053,
        "2": 0.907340373679935,
        "3": 0.8094533617065962,
        "4": 0.7314553434326129,
        "5": 0.1702774610414291,
        "6": 0.6607626507667427,
        "7": 0.9743202177417224,
        "8": 0.7706061224709081,
        "9": "NaN",
        "10": "NaN",
        "11": "NaN",
        "12": "NaN"
    },
    "NLD-ISALA-0057": {
        "0": 0.9847842521926056,
        "1": 0.9906974513408005,
        "2": 0.9356549295213931,
        "3": 0.8831525760554745,
        "4": 0.8120728000050212,
        "5": 0.8615461721588773,
        "6": 0.8244540412206554,
        "7": 0.9909295617852444,
        "8": 0.9238957350050927,
        "9": "NaN",
        "10": "NaN",
        "11": "NaN",
        "12": "NaN"
    },
    "NLD-HMC-0008": {
        "0": 0.9889013195053705,
        "1": 0.9500545953820052,
        "2": 0.9191710356409515,
        "3": 0.9400782651231046,
        "4": 0.7668072564662839,
        "5": 0.9171890465193006,
        "6": 0.7888114659357353,
        "7": 0.9904484476811038,
        "8": 0.4006538564184681,
        "9": "NaN",
        "10": "NaN",
        "11": "NaN",
        "12": "NaN"
    },
    "NLD-AMPH-0011": {
        "0": 0.9753418919245218,
        "1": 0.9875600406079065,
        "2": 0.9457633631184595,
        "3": 0.9243743847306609,
        "4": 0.7590147580905436,
        "5": 0.0,
        "6": 0.7420144578313252,
        "7": 0.9918608124253285,
        "8": 0.9434551702592939,
        "9": "NaN",
        "10": "NaN",
        "11": "NaN",
        "12": "NaN"
    }
}