{
    "NLD-AMPH-0062": {
        "0": 0.9894664789196648,
        "1": 0.9917946463992054,
        "2": 0.9406607877583762,
        "3": 0.917102810802241,
        "4": 0.8107848816161031,
        "5": "NaN",
        "6": 0.8594761381001976,
        "7": 0.9913228018183188,
        "8": 0.0,
        "9": "NaN",
        "10": "NaN",
        "11": "NaN",
        "12": "NaN"
    },
    "NLD-RADB-0024": {
        "0": 0.9936227536503012,
        "1": 0.974613727932598,
        "2": 0.9648551894695295,
        "3": 0.9141987464313446,
        "4": 0.23852228617320306,
        "5": 0.5895993571346573,
        "6": 0.7995309513899146,
        "7": 0.9890416810422725,
        "8": 0.3810210923906124,
        "9": 0.0,
        "10": "NaN",
        "11": "NaN",
        "12": "NaN"
    },
    "NLD-AMPH-0003": {
        "0": 0.9939848863930884,
        "1": 0.9863500343777541,
        "2": 0.9509466383983484,
        "3": 0.9186462431293769,
        "4": 0.8451022690467315,
        "5": 0.0,
        "6": 0.8639489130292691,
        "7": 0.9884809936395051,
        "8": 0.5160169147888548,
        "9": "NaN",
        "10": "NaN",
        "11": "NaN",
        "12": "NaN"
    },
    "NLD-RADB-0085": {
        "0": 0.9942335779242728,
        "1": 0.9860428390403221,
        "2": 0.9121787186952455,
        "3": 0.9215388509238167,
        "4": 0.8366433695476668,
        "5": "NaN",
        "6": 0.8856755500464828,
        "7": 0.9917335063301093,
        "8": 0.8033826638477801,
        "9": "NaN",
        "10": "NaN",
        "11": "NaN",
        "12": "NaN"
    },
    "NLD-AMPH-0017-LAD": {
        "0": 0.9799807812487378,
        "1": 0.9771161135714954,
        "2": 0.9516642819429357,
        "3": 0.7630583220530553,
        "4": 0.6981594562748836,
        "5": 0.6463662642407754,
        "6": 0.7451027632091032,
        "7": 0.9932620956817598,
        "8": 0.8673053240999888,
        "9": 0.6737092808850645,
        "10": 0.37045932152506755,
        "11": 0.0,
        "12": 0.22593259263856993
    },
    "NLD-ISALA-0084": {
        "0": 0.9889466911906293,
        "1": 0.9805007670682235,
        "2": 0.9615980677932227,
        "3": 0.8977811773419051,
        "4": 0.6942723429626357,
        "5": 0.7619060062453454,
        "6": 0.7636046252797076,
        "7": 0.9911750276334533,
        "8": 0.6227849327006875,
        "9": "NaN",
        "10": 0.9024390243902439,
        "11": "NaN",
        "12": "NaN"
    },
    "NLD-AMPH-0067": {
        "0": 0.9890578173761821,
        "1": 0.9895610264560639,
        "2": 0.9489516281279117,
        "3": 0.9241375197320725,
        "4": 0.8228029338135184,
        "5": 0.0,
        "6": 0.8171223337975518,
        "7": 0.9896931076514789,
        "8": 0.8829778335424509,
        "9": 0.0,
        "10": "NaN",
        "11": "NaN",
        "12": "NaN"
    },
    "NLD-RADB-0078": {
        "0": 0.9883978991942248,
        "1": 0.9861201886963142,
        "2": 0.9527060253612177,
        "3": 0.9048876358317786,
        "4": 0.5531608456355126,
        "5": 0.5162185232607768,
        "6": 0.8295888347572313,
        "7": 0.9917327904947862,
        "8": 0.14530685920577618,
        "9": 0.0,
        "10": 0.0,
        "11": "NaN",
        "12": 0.0
    },
    "NLD-ISALA-0097": {
        "0": 0.9936016920599108,
        "1": 0.9867796498237562,
        "2": 0.9615193068988569,
        "3": 0.9150570246360372,
        "4": 0.8025067144136079,
        "5": 0.7949740451717144,
        "6": 0.8568581316311925,
        "7": 0.9835474944975177,
        "8": 0.8643430804399205,
        "9": "NaN",
        "10": "NaN",
        "11": "NaN",
        "12": "NaN"
    },
    "EST-NEMC-0027-RCx": {
        "0": 0.9896306423986236,
        "1": 0.9881665265808481,
        "2": 0.8861053178514985,
        "3": 0.9269458657703499,
        "4": 0.7244179071162512,
        "5": 0.9651044319918493,
        "6": 0.8512727048610194,
        "7": 0.9873631381727751,
        "8": 0.5233992559232427,
        "9": "NaN",
        "10": "NaN",
        "11": "NaN",
        "12": "NaN"
    },
    "NLD-RADB-0089": {
        "0": 0.98610579919685,
        "1": 0.9908398208749569,
        "2": 0.8917954306748628,
        "3": 0.8447252256539022,
        "4": 0.3249054481701602,
        "5": 0.8801562760058516,
        "6": 0.7773263687366996,
        "7": 0.9920293705618086,
        "8": 0.0,
        "9": "NaN",
        "10": "NaN",
        "11": "NaN",
        "12": 0.0
    },
    "NLD-ISALA-0085": {
        "0": 0.988524397433069,
        "1": 0.99386660265349,
        "2": 0.9676736555349574,
        "3": 0.8987764535398757,
        "4": 0.7482989097682573,
        "5": 0.5594106268263571,
        "6": 0.795860155555902,
        "7": 0.9916683880740894,
        "8": 0.37155119558553035,
        "9": "NaN",
        "10": 0.0,
        "11": "NaN",
        "12": 0.0
    },
    "NLD-RADB-0063-RCA": {
        "0": 0.9825060820475431,
        "1": 0.9914514292080593,
        "2": 0.9490761910205482,
        "3": 0.9013102615753226,
        "4": 0.7753134617576656,
        "5": 0.37694530902623385,
        "6": 0.8360546074354734,
        "7": 0.99263455446164,
        "8": 0.7291116647454728,
        "9": "NaN",
        "10": "NaN",
        "11": "NaN",
        "12": "NaN"
    },
    "NLD-AMPH-0063": {
        "0": 0.9658532833001868,
        "1": 0.9885183865978519,
        "2": 0.9097011619882852,
        "3": 0.8654574817097253,
        "4": 0.6912729571610522,
        "5": 0.6997577910544163,
        "6": 0.7214468122578372,
        "7": 0.9928578642849929,
        "8": 0.8601526191978885,
        "9": 0.662228451296426,
        "10": 0.0,
        "11": 0.0,
        "12": 0.0
    },
    "NLD-ISALA-0090": {
        "0": 0.9845950572121656,
        "1": 0.9899825613174968,
        "2": 0.9612418863261013,
        "3": 0.9018730864728269,
        "4": 0.7839385777530108,
        "5": 0.6900869101928008,
        "6": 0.8250838926174496,
        "7": 0.9878099344887635,
        "8": 0.8902125737515174,
        "9": 0.0,
        "10": 0.0,
        "11": "NaN",
        "12": 0.0
    }
}