{
    "0": {
        "PPV": 1.0,
        "NPV": "NaN",
        "Sensibility": 1.0,
        "Specificity": "NaN",
        "Kappa": "NaN"
    },
    "1": {
        "PPV": 1.0,
        "NPV": "NaN",
        "Sensibility": 1.0,
        "Specificity": "NaN",
        "Kappa": "NaN"
    },
    "2": {
        "PPV": 1.0,
        "NPV": "NaN",
        "Sensibility": 1.0,
        "Specificity": "NaN",
        "Kappa": "NaN"
    },
    "3": {
        "PPV": 1.0,
        "NPV": "NaN",
        "Sensibility": 1.0,
        "Specificity": "NaN",
        "Kappa": "NaN"
    },
    "4": {
        "PPV": 0.8225806451612904,
        "NPV": 1.0,
        "Sensibility": 1.0,
        "Specificity": 0.8103448275862069,
        "Kappa": 0.7999332554647088
    },
    "5": {
        "PPV": 0.7931034482758621,
        "NPV": 0.95,
        "Sensibility": 0.8518518518518519,
        "Specificity": 0.926829268292683,
        "Kappa": 0.7598060819744381
    },
    "6": {
        "PPV": 0.9853658536585366,
        "NPV": 0.6923076923076923,
        "Sensibility": 0.9805825242718447,
        "Specificity": 0.75,
        "Kappa": 0.7029972752043597
    },
    "7": {
        "PPV": 1.0,
        "NPV": "NaN",
        "Sensibility": 1.0,
        "Specificity": "NaN",
        "Kappa": "NaN"
    },
    "8": {
        "PPV": 0.8085106382978723,
        "NPV": 0.9649122807017544,
        "Sensibility": 0.8636363636363636,
        "Specificity": 0.9482758620689655,
        "Kappa": 0.7917462743599541
    },
    "9": {
        "PPV": 0.8,
        "NPV": 0.9949494949494949,
        "Sensibility": 0.9411764705882353,
        "Specificity": 0.9800995024875622,
        "Kappa": 0.8524235039263471
    },
    "10": {
        "PPV": 0.6,
        "NPV": 0.9759615384615384,
        "Sensibility": 0.5454545454545454,
        "Specificity": 0.9806763285024155,
        "Kappa": 0.5497934832491969
    },
    "11": {
        "PPV": 0.0,
        "NPV": 1.0,
        "Sensibility": "NaN",
        "Specificity": 0.9724770642201835,
        "Kappa": 0.0
    },
    "12": {
        "PPV": 0.25,
        "NPV": 0.9900990099009901,
        "Sensibility": 0.6666666666666666,
        "Specificity": 0.9433962264150944,
        "Kappa": 0.3370981754995656
    }
}