{
    "1": {
        "PPV": 1.0,
        "NPV": "NaN",
        "Sensibility": 1.0,
        "Specificity": "NaN",
        "Kappa": "NaN"
    },
    "2": {
        "PPV": 1.0,
        "NPV": "NaN",
        "Sensibility": 1.0,
        "Specificity": "NaN",
        "Kappa": "NaN"
    },
    "3": {
        "PPV": 1.0,
        "NPV": "NaN",
        "Sensibility": 1.0,
        "Specificity": "NaN",
        "Kappa": "NaN"
    },
    "4": {
        "PPV": 0.816,
        "NPV": 1.0,
        "Sensibility": 1.0,
        "Specificity": 0.8017241379310345,
        "Kappa": 0.7909613941465855
    },
    "5": {
        "PPV": 0.7966101694915254,
        "NPV": 0.9559748427672956,
        "Sensibility": 0.8703703703703703,
        "Specificity": 0.926829268292683,
        "Kappa": 0.7731902310809331
    },
    "6": {
        "PPV": 0.9805825242718447,
        "NPV": 0.6666666666666666,
        "Sensibility": 0.9805825242718447,
        "Specificity": 0.6666666666666666,
        "Kappa": 0.6472491909385113
    },
    "7": {
        "PPV": 1.0,
        "NPV": "NaN",
        "Sensibility": 1.0,
        "Specificity": "NaN",
        "Kappa": "NaN"
    },
    "8": {
        "PPV": 0.8222222222222222,
        "NPV": 0.9595375722543352,
        "Sensibility": 0.8409090909090909,
        "Specificity": 0.9540229885057471,
        "Kappa": 0.788239865302422
    },
    "9": {
        "PPV": 0.8421052631578947,
        "NPV": 0.9949748743718593,
        "Sensibility": 0.9411764705882353,
        "Specificity": 0.9850746268656716,
        "Kappa": 0.8789225215217995
    },
    "10": {
        "PPV": 0.5555555555555556,
        "NPV": 0.9712918660287081,
        "Sensibility": 0.45454545454545453,
        "Specificity": 0.9806763285024155,
        "Kappa": 0.4762133589620375
    },
    "11": {
        "PPV": 0.0,
        "NPV": 1.0,
        "Sensibility": "NaN",
        "Specificity": 0.9724770642201835,
        "Kappa": 0.0
    },
    "12": {
        "PPV": 0.3333333333333333,
        "NPV": 0.9950738916256158,
        "Sensibility": 0.8333333333333334,
        "Specificity": 0.9528301886792453,
        "Kappa": 0.45475216007276037
    }
}