{
    "NLD-AMPH-0063": {
        "1": 0.9886635974988572,
        "2": 0.9240021130999914,
        "3": 0.8612979748600632,
        "4": 0.6917396357619156,
        "5": 0.7228450106157113,
        "6": 0.7275342586085735,
        "7": 0.992939818988209,
        "8": 0.8696597899602352,
        "9": 0.7632692933897753,
        "10": 0.0,
        "11": 0.0,
        "12": 0.0
    },
    "NLD-ISALA-0084": {
        "1": 0.9798405604683404,
        "2": 0.9630526192493053,
        "3": 0.8983469005296433,
        "4": 0.705310633038053,
        "5": 0.791456161667839,
        "6": 0.7691107003491476,
        "7": 0.9913727900160726,
        "8": 0.5210797380884599,
        "9": "NaN",
        "10": 0.8990825688073395,
        "11": "NaN",
        "12": 0.0
    },
    "NLD-RADB-0085": {
        "1": 0.9853228703853801,
        "2": 0.9224175437314638,
        "3": 0.9203608950371478,
        "4": 0.8470395495869676,
        "5": "NaN",
        "6": 0.8870070954984297,
        "7": 0.991574331698013,
        "8": 0.895031038453976,
        "9": "NaN",
        "10": "NaN",
        "11": "NaN",
        "12": "NaN"
    },
    "NLD-RADB-0089": {
        "1": 0.9915605420209512,
        "2": 0.8913723503358556,
        "3": 0.8420580471053657,
        "4": 0.3004351304415696,
        "5": 0.8789421019943413,
        "6": 0.7784671646922764,
        "7": 0.9916298342541436,
        "8": 0.0,
        "9": "NaN",
        "10": "NaN",
        "11": "NaN",
        "12": "NaN"
    },
    "NLD-AMPH-0017-LAD": {
        "1": 0.9796169726618157,
        "2": 0.9505257711442786,
        "3": 0.7594046498454772,
        "4": 0.6994411419323042,
        "5": 0.7254989951807699,
        "6": 0.7502440003283742,
        "7": 0.9935171433197013,
        "8": 0.8844897425846073,
        "9": 0.663571649644073,
        "10": 0.2590909090909091,
        "11": 0.0,
        "12": 0.32114183764495985
    },
    "EST-NEMC-0027-RCx": {
        "1": 0.988039948821133,
        "2": 0.8675214211113719,
        "3": 0.928194758336307,
        "4": 0.7255465853574027,
        "5": 0.9494032174364296,
        "6": 0.8454040225829217,
        "7": 0.9872704261004078,
        "8": 0.5099822099229097,
        "9": "NaN",
        "10": "NaN",
        "11": "NaN",
        "12": "NaN"
    },
    "NLD-RADB-0024": {
        "1": 0.9806915239669816,
        "2": 0.9656366858002629,
        "3": 0.9142926101327745,
        "4": 0.2290498462492571,
        "5": 0.5708830548926014,
        "6": 0.7935027810401755,
        "7": 0.9898308801359538,
        "8": 0.742618511630942,
        "9": 0.0,
        "10": 0.0,
        "11": 0.0,
        "12": "NaN"
    },
    "NLD-ISALA-0097": {
        "1": 0.9863295048899882,
        "2": 0.9587944188604027,
        "3": 0.9114428313861437,
        "4": 0.8051404809792333,
        "5": 0.7792299659783744,
        "6": 0.8595392379744616,
        "7": 0.9835569911091872,
        "8": 0.8616424437867208,
        "9": "NaN",
        "10": "NaN",
        "11": "NaN",
        "12": "NaN"
    },
    "NLD-AMPH-0067": {
        "1": 0.9892588835836158,
        "2": 0.955799667360047,
        "3": 0.9215770266048885,
        "4": 0.8286006200676438,
        "5": 0.0,
        "6": 0.8107231416873306,
        "7": 0.98962295448759,
        "8": 0.885053503624439,
        "9": 0.0,
        "10": "NaN",
        "11": 0.0,
        "12": "NaN"
    },
    "NLD-RADB-0078": {
        "1": 0.9855972074207349,
        "2": 0.9544189513791104,
        "3": 0.9044732830939216,
        "4": 0.5437585326425344,
        "5": 0.5526054179438323,
        "6": 0.8115985718457669,
        "7": 0.9915203200819587,
        "8": 0.07276995305164319,
        "9": 0.0,
        "10": 0.0,
        "11": "NaN",
        "12": 0.0
    },
    "NLD-RADB-0063-RCA": {
        "1": 0.99133114403045,
        "2": 0.9492586609226351,
        "3": 0.9033262878891476,
        "4": 0.7856600734841268,
        "5": 0.4736028047020004,
        "6": 0.8354034419713403,
        "7": 0.9927892270597334,
        "8": 0.7885599742277267,
        "9": "NaN",
        "10": "NaN",
        "11": "NaN",
        "12": "NaN"
    },
    "NLD-AMPH-0003": {
        "1": 0.9868452043368057,
        "2": 0.9484085762927954,
        "3": 0.9150898612213412,
        "4": 0.848251851487341,
        "5": 0.0,
        "6": 0.8596129420853466,
        "7": 0.9886205411253243,
        "8": 0.5590854254035733,
        "9": "NaN",
        "10": "NaN",
        "11": "NaN",
        "12": "NaN"
    },
    "NLD-AMPH-0062": {
        "1": 0.9913383061995256,
        "2": 0.940114996928716,
        "3": 0.9131934628567205,
        "4": 0.7986264559176568,
        "5": "NaN",
        "6": 0.859461120583687,
        "7": 0.9909045226130653,
        "8": 0.0,
        "9": "NaN",
        "10": "NaN",
        "11": "NaN",
        "12": "NaN"
    },
    "NLD-ISALA-0085": {
        "1": 0.9937179170829777,
        "2": 0.9661314915511492,
        "3": 0.8987402843903421,
        "4": 0.7469871706554069,
        "5": 0.6215599293681898,
        "6": 0.7996956734389677,
        "7": 0.9913959371790697,
        "8": 0.3043968432919955,
        "9": "NaN",
        "10": 0.0,
        "11": "NaN",
        "12": 0.0
    },
    "NLD-ISALA-0090": {
        "1": 0.9914826982811845,
        "2": 0.9607262421597574,
        "3": 0.9015366680505569,
        "4": 0.7951113698376202,
        "5": 0.715859698776913,
        "6": 0.8216277217206586,
        "7": 0.9877899516919638,
        "8": 0.9256280817093214,
        "9": "NaN",
        "10": 0.0,
        "11": "NaN",
        "12": "NaN"
    }
}