{
    "NLDAMPH0005_1": {
        "0": 0.9917144438567471,
        "1": 0.9827018932860115,
        "2": 0.9494282910998321,
        "3": 0.9126509460098104,
        "4": 0.7313529020455679,
        "5": 0.881285140562249,
        "6": 0.877154027176801,
        "7": 0.9910882678990484,
        "8": 0.7856332825713638,
        "9": "NaN",
        "10": "NaN",
        "11": "NaN",
        "12": "NaN"
    },
    "NLDAMPH0011_1": {
        "0": 0.9751111987383821,
        "1": 0.9865000181695583,
        "2": 0.9599456999121616,
        "3": 0.9229757888469935,
        "4": 0.7038382276117101,
        "5": "NaN",
        "6": 0.7516903194878607,
        "7": 0.9915483140193431,
        "8": 0.9578745433999948,
        "9": "NaN",
        "10": "NaN",
        "11": "NaN",
        "12": "NaN"
    },
    "NLDAMPH0028_1": {
        "0": 0.9849482800470293,
        "1": 0.9798490107435887,
        "2": 0.9695616713163022,
        "3": 0.9256856259545847,
        "4": 0.8023445328274348,
        "5": 0.7786123899523464,
        "6": 0.7628945998390837,
        "7": 0.998996623675287,
        "8": 0.7740855035375583,
        "9": 0.0,
        "10": 0.42011706048124864,
        "11": 0.0,
        "12": 0.0
    }
    "NLDAMPH0051_1": {
        "0": 0.9922909209133995,
        "1": 0.9904489016236867,
        "2": 0.9478296565008145,
        "3": 0.9307774019375082,
        "4": 0.7907967481415276,
        "5": 0.7879392971246006,
        "6": 0.8362245431589642,
        "7": 0.9915299551312353,
        "8": 0.9487585842577919,
        "9": "NaN",
        "10": "NaN",
        "11": "NaN",
        "12": "NaN"
    },
    "NLDAMPH0054_1": {
        "0": 0.9893710807733808,
        "1": 0.9858498802568209,
        "2": 0.959315784203427,
        "3": 0.8963780516054789,
        "4": 0.7607533036285612,
        "5": 0.8426107023480591,
        "6": 0.8494790227730197,
        "7": 0.9922545797345155,
        "8": 0.0,
        "9": 0.09448818897637795,
        "10": 0.0,
        "11": "NaN",
        "12": 0.7560369085792814
    },
    "NLDHMC0008_1": {
        "0": 0.991242565185482,
        "1": 0.9881449618685452,
        "2": 0.9448076343691808,
        "3": 0.9415794676028495,
        "4": 0.7611459100957996,
        "5": 0.9148514851485149,
        "6": 0.797564272974109,
        "7": 0.9904117142507046,
        "8": 0.9533471899244748,
        "9": "NaN",
        "10": "NaN",
        "11": "NaN",
        "12": "NaN"
    },
    "NLDISALA0057_1": {
        "0": 0.9872489270136098,
        "1": 0.9907837998945831,
        "2": 0.9633810628831041,
        "3": 0.891400882919651,
        "4": 0.7940710824614123,
        "5": 0.8454482019163674,
        "6": 0.832578412959857,
        "7": 0.9911657541945302,
        "8": 0.9453560572227104,
        "9": "NaN",
        "10": "NaN",
        "11": "NaN",
        "12": "NaN"
    },
    "NLDISALA0062_1": {
        "0": 0.9927626120240417,
        "1": 0.9861713863765496,
        "2": 0.9464625578275286,
        "3": 0.881108624220201,
        "4": 0.8387970575944173,
        "5": 0.0,
        "6": 0.8188455384108788,
        "7": 0.9927851872530287,
        "8": 0.35217459569791176,
        "9": "NaN",
        "10": "NaN",
        "11": "NaN",
        "12": 0.0
    },
    "NLDISALA0065_1": {
        "0": 0.9904694648772285,
        "1": 0.9849890842675519,
        "2": 0.9559677971182114,
        "3": 0.9454670101379425,
        "4": 0.6591026954552929,
        "5": "NaN",
        "6": 0.8353337669248507,
        "7": 0.988506324031319,
        "8": "NaN",
        "9": "NaN",
        "10": "NaN",
        "11": "NaN",
        "12": "NaN"
    },
    "NLDISALA0065_2": {
        "0": 0.9861547025575528,
        "1": 0.9926765757483793,
        "2": 0.9674793824467776,
        "3": 0.9241898897388102,
        "4": 0.7449496990283923,
        "5": 0.15551020408163266,
        "6": 0.8577178282783787,
        "7": 0.992197890936728,
        "8": 0.9515159792406447,
        "9": "NaN",
        "10": "NaN",
        "11": "NaN",
        "12": "NaN"
    },
    "NLDISALA0073_1": {
        "0": 0.9894618185991314,
        "1": 0.9735915279389584,
        "2": 0.9295717461845496,
        "3": 0.8455859701215551,
        "4": 0.0,
        "5": 0.4523318200577796,
        "6": 0.6542831288960386,
        "7": 0.9785872132896442,
        "8": "NaN",
        "9": "NaN",
        "10": "NaN",
        "11": "NaN",
        "12": "NaN"
    },
    "NLDISALA0087_1": {
        "0": 0.9833818181908806,
        "1": 0.9902393099814699,
        "2": 0.9534541208278213,
        "3": 0.9077775326562807,
        "4": 0.6743320535924155,
        "5": 0.826467961598571,
        "6": 0.7060928524343159,
        "7": 0.9924270702188368,
        "8": 0.8797715659753532,
        "9": "NaN",
        "10": "NaN",
        "11": "NaN",
        "12": "NaN"
    },
    "NLDISALA0089_1": {
        "0": 0.9912889809118361,
        "1": 0.9846851504553364,
        "2": 0.9287093766019063,
        "3": 0.8817259881707691,
        "4": 0.7526334682560313,
        "5": 0.3175498690308281,
        "6": 0.8622271176870779,
        "7": 0.9913129079065962,
        "8": 0.8316329438586492,
        "9": "NaN",
        "10": "NaN",
        "11": "NaN",
        "12": "NaN"
    },
    "NLDISALA0093_1": {
        "0": 0.9778736318926656,
        "1": 0.969475197644663,
        "2": 0.9265309342109901,
        "3": 0.8181825244770131,
        "4": 0.7235635142975807,
        "5": 0.16897979060141222,
        "6": 0.6671422086764801,
        "7": 0.97360418440579,
        "8": 0.7638145851786241,
        "9": "NaN",
        "10": "NaN",
        "11": "NaN",
        "12": "NaN"
    },
    "NLDISALA0097_1": {
        "0": 0.992979175060761,
        "1": 0.9857344706164738,
        "2": 0.9631238461890738,
        "3": 0.9118657812697336,
        "4": 0.7839458148368496,
        "5": 0.7721119053922867,
        "6": 0.8454478050775956,
        "7": 0.9841634473801073,
        "8": 0.7945573536117924,
        "9": "NaN",
        "10": "NaN",
        "11": "NaN",
        "12": "NaN"
    }
}