{
    "NLD-ISALA-0065-LAD": {
        "0": 0.9917387668533245,
        "1": 0.984743200618937,
        "2": 0.9537763918901259,
        "3": 0.933139626472493,
        "4": 0.8036890645586298,
        "5": "NaN",
        "6": 0.8167728603409677,
        "7": 0.9867315733632903,
        "8": "NaN",
        "9": "NaN",
        "10": "NaN",
        "11": "NaN",
        "12": "NaN"
    },
    "NLD-ISALA-0097": {
        "0": 0.9917163343600952,
        "1": 0.9836744693830085,
        "2": 0.9552702944331863,
        "3": 0.9100931976375012,
        "4": 0.7807470656327404,
        "5": 0.743385951935032,
        "6": 0.831294358588058,
        "7": 0.9826395221972031,
        "8": 0.7714702478541807,
        "9": "NaN",
        "10": "NaN",
        "11": "NaN",
        "12": "NaN"
    },
    "NLD-ISALA-0093": {
        "0": 0.979008914165581,
        "1": 0.9624170825038013,
        "2": 0.9286499195437757,
        "3": 0.8052905712361951,
        "4": 0.7420292203492295,
        "5": 0.600896860986547,
        "6": 0.6763729484344081,
        "7": 0.9782241559821753,
        "8": 0.7181628889285502,
        "9": "NaN",
        "10": "NaN",
        "11": "NaN",
        "12": "NaN"
    },
    "NLD-ISALA-0062": {
        "0": 0.993543198882782,
        "1": 0.9871978346762903,
        "2": 0.9597778832480782,
        "3": 0.8926539319621541,
        "4": 0.8698696088264795,
        "5": "NaN",
        "6": 0.8223786538579729,
        "7": 0.9899225324532663,
        "8": 0.5814822095537645,
        "9": "NaN",
        "10": "NaN",
        "11": "NaN",
        "12": 0.0
    },
    "NLD-AMPH-0005": {
        "0": 0.9899803741811086,
        "1": 0.9733042673236773,
        "2": 0.9404780390802626,
        "3": 0.8972646466630654,
        "4": 0.7165022019246452,
        "5": 0.8545897644191714,
        "6": 0.8397073277274216,
        "7": 0.9878130798326743,
        "8": 0.5909868167025208,
        "9": "NaN",
        "10": "NaN",
        "11": "NaN",
        "12": "NaN"
    },
    "NLD-AMPH-0028": {
        "0": 0.9848266341571954,
        "1": 0.9747822499702294,
        "2": 0.9657828717399825,
        "3": 0.9099407618103706,
        "4": 0.8148054657318229,
        "5": 0.5762201677058697,
        "6": 0.6965582268761463,
        "7": 0.9943126303355548,
        "8": 0.7247076119839033,
        "9": 0.0,
        "10": 0.32802472070358923,
        "11": 0.0,
        "12": 0.0
    },
    "NLD-ISALA-0087": {
        "0": 0.983714690514253,
        "1": 0.9882286143831618,
        "2": 0.9484600079999584,
        "3": 0.8988659731295724,
        "4": 0.6994636543933775,
        "5": 0.8318834822906322,
        "6": 0.7342467397992106,
        "7": 0.9898457357123084,
        "8": 0.9108505997818975,
        "9": "NaN",
        "10": "NaN",
        "11": "NaN",
        "12": "NaN"
    },
    "NLD-AMPH-0054": {
        "0": 0.9883379529517482,
        "1": 0.9851223491720426,
        "2": 0.9498002019681769,
        "3": 0.8757047304756451,
        "4": 0.7271285067144247,
        "5": 0.8603869887252898,
        "6": 0.8619752813541839,
        "7": 0.9926615629538953,
        "8": 0.0,
        "9": 0.2936708860759494,
        "10": "NaN",
        "11": "NaN",
        "12": 0.7618140243902439
    },
    "NLD-ISALA-0065-MO1": {
        "0": 0.9869129136364926,
        "1": 0.9918500717912924,
        "2": 0.9609597387345199,
        "3": 0.9246125847901616,
        "4": 0.7695224178276281,
        "5": 0.08126410835214447,
        "6": 0.8502607550634995,
        "7": 0.9905572408257692,
        "8": 0.9465440926115083,
        "9": "NaN",
        "10": "NaN",
        "11": "NaN",
        "12": "NaN"
    },
    "NLD-AMPH-0051-LAD": {
        "0": 0.9923673837397111,
        "1": 0.9889866073746773,
        "2": 0.9416533263159433,
        "3": 0.925444225013941,
        "4": 0.7859400736685555,
        "5": 0.565675057208238,
        "6": 0.8412735751151946,
        "7": 0.9894962354446183,
        "8": 0.9511877643996095,
        "9": "NaN",
        "10": 0.0,
        "11": "NaN",
        "12": "NaN"
    },
    "NLD-ISALA-0073": {
        "0": 0.9896121173941824,
        "1": 0.9723760266487711,
        "2": 0.9247529265247298,
        "3": 0.8441487766684066,
        "4": 0.0,
        "5": 0.30023529411764704,
        "6": 0.6810772929932458,
        "7": 0.9838284727900427,
        "8": "NaN",
        "9": "NaN",
        "10": "NaN",
        "11": "NaN",
        "12": "NaN"
    },
    "NLD-ISALA-0057": {
        "0": 0.9883811132261804,
        "1": 0.9875299991639995,
        "2": 0.9680201192984886,
        "3": 0.8773691119425366,
        "4": 0.8002180241989557,
        "5": 0.8747207032995604,
        "6": 0.8311406065637228,
        "7": 0.9894436734258137,
        "8": 0.877957004929557,
        "9": "NaN",
        "10": "NaN",
        "11": "NaN",
        "12": "NaN"
    },
    "NLD-AMPH-0011": {
        "0": 0.9731853789664682,
        "1": 0.9853954648062198,
        "2": 0.9538318573965499,
        "3": 0.9172660172818176,
        "4": 0.7288215493175607,
        "5": 0.0,
        "6": 0.7270439582834914,
        "7": 0.9924072583142379,
        "8": 0.9588037441660365,
        "9": "NaN",
        "10": "NaN",
        "11": "NaN",
        "12": "NaN"
    },
    "NLD-ISALA-0089": {
        "0": 0.9901857781675022,
        "1": 0.9827140067267006,
        "2": 0.9186107250373308,
        "3": 0.879158514972265,
        "4": 0.8398184512996187,
        "5": 0.8668998148529109,
        "6": 0.8605198454513523,
        "7": 0.9889175437373667,
        "8": 0.7416042888933846,
        "9": "NaN",
        "10": "NaN",
        "11": "NaN",
        "12": "NaN"
    },
    "NLD-HMC-0008": {
        "0": 0.9897101983166975,
        "1": 0.9857880699046542,
        "2": 0.939430617726052,
        "3": 0.938329777652977,
        "4": 0.7390140041266079,
        "5": 0.942756635753118,
        "6": 0.7412830173267579,
        "7": 0.9896320204619156,
        "8": 0.9439747583026576,
        "9": "NaN",
        "10": "NaN",
        "11": "NaN",
        "12": "NaN"
    }
}