{
    "NLD-AMPH-0005": {
        "1": 0.9728687660432795,
        "10": "NaN",
        "11": "NaN",
        "12": "NaN",
        "2": 0.9295464363790124,
        "3": 0.904802127361847,
        "4": 0.5277358132124832,
        "5": 0.3247352024922118,
        "6": 0.8144339829508902,
        "7": 0.9905403460554569,
        "8": 0.5294312614488041,
        "9": "NaN"
    },
    "NLD-AMPH-0011": {
        "1": 0.9836448802760182,
        "10": "NaN",
        "11": "NaN",
        "12": "NaN",
        "2": 0.9477360252888661,
        "3": 0.9278087309592215,
        "4": 0.5564525767937281,
        "5": 0.0,
        "6": 0.729752548816375,
        "7": 0.9916299104198663,
        "8": 0.9341448787147979,
        "9": "NaN"
    },
    "NLD-AMPH-0051-LAD": {
        "1": 0.9887016578449703,
        "10": "NaN",
        "11": "NaN",
        "12": "NaN",
        "2": 0.932579288119579,
        "3": 0.8992285733244694,
        "4": 0.5096976887698449,
        "5": 0.1521668295861844,
        "6": 0.8127294799400001,
        "7": 0.9913675663633249,
        "8": 0.47605438642071535,
        "9": "NaN"
    },
    "NLD-AMPH-0054": {
        "1": 0.9694173637858703,
        "10": "NaN",
        "11": "NaN",
        "12": 0.7370420337021659,
        "2": 0.9466904835052857,
        "3": 0.8965630199905378,
        "4": 0.6763317359181307,
        "5": 0.8565944303667692,
        "6": 0.7907340788601444,
        "7": 0.9923591619753068,
        "8": 0.0,
        "9": 0.06415929203539823
    },
    "NLD-HMC-0008": {
        "1": 0.9224918704578231,
        "10": "NaN",
        "11": "NaN",
        "12": "NaN",
        "2": 0.9363432479918463,
        "3": 0.8894324339499906,
        "4": 0.7509231450937915,
        "5": 0.9091514143094842,
        "6": 0.6994727175538131,
        "7": 0.990101051037275,
        "8": 0.16876740947075208,
        "9": "NaN"
    },
    "NLD-ISALA-0057": {
        "1": 0.9901599934865954,
        "10": "NaN",
        "11": "NaN",
        "12": "NaN",
        "2": 0.9511930501004112,
        "3": 0.8812289333736554,
        "4": 0.7111810897385121,
        "5": 0.3633856546579594,
        "6": 0.8045453143150105,
        "7": 0.9910475743640431,
        "8": 0.9255124620094626,
        "9": "NaN"
    },
    "NLD-ISALA-0062": {
        "1": 0.979173453089569,
        "10": "NaN",
        "11": "NaN",
        "12": 0.0,
        "2": 0.9313060067854011,
        "3": 0.8707256419163958,
        "4": 0.4197243464657688,
        "5": 0.0,
        "6": 0.7593560331859406,
        "7": 0.9918155427944901,
        "8": 0.0,
        "9": "NaN"
    },
    "NLD-ISALA-0065-LAD": {
        "1": 0.980666095906054,
        "10": "NaN",
        "11": "NaN",
        "12": "NaN",
        "2": 0.942605024830769,
        "3": 0.923144318634383,
        "4": 0.14881227340808242,
        "5": 0.0,
        "6": 0.7816769191096432,
        "7": 0.9848348571125968,
        "8": "NaN",
        "9": "NaN"
    },
    "NLD-ISALA-0065-MO1": {
        "1": 0.9914194312979627,
        "10": "NaN",
        "11": "NaN",
        "12": "NaN",
        "2": 0.9505191397719464,
        "3": 0.9238462359720037,
        "4": 0.5894248184032209,
        "5": 0.18361321957438462,
        "6": 0.8446770107421415,
        "7": 0.9916300364875339,
        "8": 0.9097586351913868,
        "9": "NaN"
    },
    "NLD-ISALA-0073": {
        "1": 0.9774317241329065,
        "10": "NaN",
        "11": "NaN",
        "12": "NaN",
        "2": 0.9115055799461652,
        "3": 0.890906002387607,
        "4": 0.00799475753604194,
        "5": 0.1279780921953446,
        "6": 0.6819481035572265,
        "7": 0.9761141802130495,
        "8": "NaN",
        "9": "NaN"
    },
    "NLD-ISALA-0087": {
        "1": 0.9867293965387961,
        "10": "NaN",
        "11": "NaN",
        "12": "NaN",
        "2": 0.9377560007051113,
        "3": 0.8837179519438979,
        "4": 0.5141300962246812,
        "5": 0.38671929848652087,
        "6": 0.585418827760109,
        "7": 0.9925529092948439,
        "8": 0.9027675003699867,
        "9": "NaN"
    },
    "NLD-ISALA-0089": {
        "1": 0.9846800623258747,
        "10": "NaN",
        "11": "NaN",
        "12": "NaN",
        "2": 0.9182644653945927,
        "3": 0.8652426537066322,
        "4": 0.6526789115921564,
        "5": 0.21300649205283187,
        "6": 0.8666847238273053,
        "7": 0.9911049457623916,
        "8": 0.8506644905572395,
        "9": "NaN"
    },
    "NLD-ISALA-0093": {
        "1": 0.9401405013215571,
        "10": "NaN",
        "11": "NaN",
        "12": "NaN",
        "2": 0.8481309725157214,
        "3": 0.8273425060567804,
        "4": 0.31173406567461653,
        "5": 0.0,
        "6": 0.5411469566524427,
        "7": 0.9736263947209449,
        "8": 0.5475314275967904,
        "9": "NaN"
    },
    "NLD-ISALA-0097": {
        "1": 0.9784968832904448,
        "10": "NaN",
        "11": "NaN",
        "12": "NaN",
        "2": 0.941264407285847,
        "3": 0.8706819852533967,
        "4": 0.13614992606111195,
        "5": 0.09847236334255824,
        "6": 0.7453458242990765,
        "7": 0.9812506933655836,
        "8": 0.40326503547763465,
        "9": "NaN"
    }
}