{
    "NLD-AMPH-0005": {
        "1": 0.9629205352305523,
        "10": "NaN",
        "11": "NaN",
        "12": "NaN",
        "2": 0.9333127756968447,
        "3": 0.8995947135626732,
        "4": 0.5388511892670691,
        "5": 0.5479738482548145,
        "6": 0.809765019123851,
        "7": 0.9911243910041645,
        "8": 0.3161932076139541,
        "9": "NaN"
    },
    "NLD-AMPH-0011": {
        "1": 0.9806769930849036,
        "10": "NaN",
        "11": "NaN",
        "12": "NaN",
        "2": 0.9479225065193461,
        "3": 0.9188722600422521,
        "4": 0.5334325838097468,
        "5": 0.0,
        "6": 0.717835031328919,
        "7": 0.9913713744629432,
        "8": 0.9098432340003394,
        "9": "NaN"
    },
    "NLD-AMPH-0051-LAD": {
        "1": 0.9870809764735868,
        "10": "NaN",
        "11": "NaN",
        "12": "NaN",
        "2": 0.9338231454469195,
        "3": 0.8683344698081926,
        "4": 0.37716641919515753,
        "5": 0.22721720009772783,
        "6": 0.7867402914495396,
        "7": 0.990774436402422,
        "8": 0.47305569925849283,
        "9": "NaN"
    },
    "NLD-AMPH-0054": {
        "1": 0.9618700667199277,
        "10": 0.0,
        "11": 0.0,
        "12": 0.6255384684177749,
        "2": 0.9529135501471625,
        "3": 0.8918905384600809,
        "4": 0.6298365585297026,
        "5": 0.8257325875118198,
        "6": 0.7835368150112693,
        "7": 0.991554064601868,
        "8": 0.0,
        "9": 0.0
    },
    "NLD-HMC-0008": {
        "1": 0.9398220926107946,
        "10": "NaN",
        "11": "NaN",
        "12": "NaN",
        "2": 0.9430295181936634,
        "3": 0.8847633588817109,
        "4": 0.7297599106644332,
        "5": 0.9075067024128687,
        "6": 0.7067255799190926,
        "7": 0.9897439762508953,
        "8": 0.04463080384536715,
        "9": "NaN"
    },
    "NLD-ISALA-0057": {
        "1": 0.9898610847158792,
        "10": "NaN",
        "11": "NaN",
        "12": "NaN",
        "2": 0.9449434032372065,
        "3": 0.882617125339107,
        "4": 0.686014945092828,
        "5": 0.25131784718009237,
        "6": 0.7953981491754628,
        "7": 0.9903001760825166,
        "8": 0.9149262876197992,
        "9": "NaN"
    },
    "NLD-ISALA-0062": {
        "1": 0.9774698377237688,
        "10": "NaN",
        "11": 0.0,
        "12": 0.0,
        "2": 0.9361074860908586,
        "3": 0.7997678464118716,
        "4": 0.26122329054936033,
        "5": 0.0,
        "6": 0.7178068038294403,
        "7": 0.9915575184657863,
        "8": 0.0,
        "9": "NaN"
    },
    "NLD-ISALA-0065-LAD": {
        "1": 0.9792359938188708,
        "10": "NaN",
        "11": "NaN",
        "12": "NaN",
        "2": 0.937335799003844,
        "3": 0.8874505916856325,
        "4": 0.14531762235833656,
        "5": 0.0,
        "6": 0.7832589039448815,
        "7": 0.9841702943940375,
        "8": "NaN",
        "9": "NaN"
    },
    "NLD-ISALA-0065-MO1": {
        "1": 0.9917946498969077,
        "10": "NaN",
        "11": "NaN",
        "12": "NaN",
        "2": 0.9482484424680858,
        "3": 0.9243139435675336,
        "4": 0.4942918836303745,
        "5": 0.21140350877192982,
        "6": 0.8523713944782573,
        "7": 0.9925931852687615,
        "8": 0.9411976152585645,
        "9": "NaN"
    },
    "NLD-ISALA-0073": {
        "1": 0.977484339820933,
        "10": "NaN",
        "11": "NaN",
        "12": "NaN",
        "2": 0.903417805534987,
        "3": 0.8505692027767197,
        "4": 0.005133140840551813,
        "5": 0.0,
        "6": 0.655376696818099,
        "7": 0.9694555057707195,
        "8": "NaN",
        "9": "NaN"
    },
    "NLD-ISALA-0087": {
        "1": 0.9863332255575695,
        "10": "NaN",
        "11": "NaN",
        "12": "NaN",
        "2": 0.9349836531970167,
        "3": 0.8641504239814061,
        "4": 0.4251504199855899,
        "5": 0.36455938192558635,
        "6": 0.5714870847416998,
        "7": 0.9921378918470386,
        "8": 0.9086322869955157,
        "9": "NaN"
    },
    "NLD-ISALA-0089": {
        "1": 0.9841200097188988,
        "10": "NaN",
        "11": "NaN",
        "12": "NaN",
        "2": 0.9119901896154202,
        "3": 0.8636079503927369,
        "4": 0.5451121981779278,
        "5": 0.18963855421686748,
        "6": 0.8679026803601863,
        "7": 0.9915843609137047,
        "8": 0.8279435208380779,
        "9": "NaN"
    },
    "NLD-ISALA-0093": {
        "1": 0.9373896260465392,
        "10": "NaN",
        "11": "NaN",
        "12": "NaN",
        "2": 0.825347226489767,
        "3": 0.8083037072230168,
        "4": 0.3002480725533046,
        "5": 0.0,
        "6": 0.5142753219555944,
        "7": 0.970594354082878,
        "8": 0.5282746223342182,
        "9": 0.0
    },
    "NLD-ISALA-0097": {
        "1": 0.9784686045759783,
        "10": "NaN",
        "11": "NaN",
        "12": "NaN",
        "2": 0.942705020773769,
        "3": 0.8752483828459109,
        "4": 0.14162064883269257,
        "5": 0.09594880615266153,
        "6": 0.7406335493089734,
        "7": 0.9818536397036708,
        "8": 0.3952114101628137,
        "9": "NaN"
    }
}