{
    "NLDAMPH0005_1": {
        "1": 0.9629205352305523,
        "10": 0.0,
        "11": 0.0,
        "12": 0.0,
        "2": 0.9333127756968447,
        "3": 0.8995947135626732,
        "4": 0.33678199329191816,
        "5": 0.06849673103185182,
        "6": 0.809765019123851,
        "7": 0.9911243910041645,
        "8": 0.05928622642761639,
        "9": 0.0
    },
    "NLDAMPH0011_1": {
        "1": 0.9677632055544663,
        "10": 0.0,
        "11": 0.0,
        "12": 0.0,
        "2": 0.937297247739345,
        "3": 0.904852226238922,
        "4": 0.3419201012686217,
        "5": 0.049815804386801325,
        "6": 0.7846932042706878,
        "7": 0.991191750129286,
        "8": 0.08447376622010007,
        "9": 0.0
    },
    "NLDAMPH0051_1": {
        "1": 0.9738000089666914,
        "10": 0.0,
        "11": 0.0,
        "12": 0.0,
        "2": 0.936211590772962,
        "3": 0.8934404273543191,
        "4": 0.3293616744209668,
        "5": 0.06265051552814188,
        "6": 0.785332919014079,
        "7": 0.9910613395896409,
        "8": 0.08764169547997461,
        "9": 0.0
    },
    "NLDAMPH0054_1": {
        "1": 0.9705463883539377,
        "10": 0.0,
        "11": 0.0,
        "12": 0.05686713349252499,
        "2": 0.9407666706022897,
        "3": 0.893017730383163,
        "4": 0.35405150112974,
        "5": 0.1393972598740827,
        "6": 0.7848430724678582,
        "7": 0.9911957191384303,
        "8": 0.06373941489452699,
        "9": 0.0
    },
    "NLDHMC0008_1": {
        "1": 0.9674112561352497,
        "10": 0.0,
        "11": 0.0,
        "12": 0.05106436476879796,
        "2": 0.9409975734177359,
        "3": 0.8921754475768925,
        "4": 0.33281685633414265,
        "5": 0.14369359463005119,
        "6": 0.7768718997588004,
        "7": 0.9910475821090899,
        "8": 0.05905705842959024,
        "9": 0.0
    },
    "NLDISALA0057_1": {
        "1": 0.9718276158560293,
        "10": 0.0,
        "11": 0.0,
        "12": 0.041018915961821306,
        "2": 0.9417738022346808,
        "3": 0.8902951218907709,
        "4": 0.4022984475653595,
        "5": 0.164865578738256,
        "6": 0.7805164078407666,
        "7": 0.9909005514153378,
        "8": 0.0774368596440905,
        "9": 0.0
    },
    "NLDISALA0062_1": {
        "1": 0.9730573308784854,
        "10": 0.0,
        "11": 0.0,
        "12": 0.03207889581629615,
        "2": 0.9405388358956429,
        "3": 0.8705648182607544,
        "4": 0.36820228141380373,
        "5": 0.12893333721837968,
        "6": 0.7668489300434264,
        "7": 0.9910437365417175,
        "8": 0.06055959536268615,
        "9": 0.0
    },
    "NLDISALA0065_1": {
        "1": 0.9734986639456558,
        "10": 0.0,
        "11": 0.0,
        "12": 0.02978754611513214,
        "2": 0.9403100475462286,
        "3": 0.8717709449339598,
        "4": 0.3522819486241275,
        "5": 0.11972381313135257,
        "6": 0.7680210710363875,
        "7": 0.9905527763883116,
        "8": 0.05623390997963714,
        "9": 0.0
    },
    "NLDISALA0065_2": {
        "1": 0.9759507032999473,
        "10": 0.0,
        "11": 0.0,
        "12": 0.025795400759495875,
        "2": 0.9413739561440031,
        "3": 0.8788127901116554,
        "4": 0.3407394522663848,
        "5": 0.11239602410434367,
        "6": 0.7793257535595245,
        "7": 0.9908262332485782,
        "8": 0.07780661117593005,
        "9": 0.0
    },
    "NLDISALA0073_1": {
        "1": 0.97602588156078,
        "10": 0.0,
        "11": 0.0,
        "12": 0.02453092033010882,
        "2": 0.9395133605259142,
        "3": 0.8774283005364133,
        "4": 0.3242881624906087,
        "5": 0.10688641507962093,
        "6": 0.773249819405533,
        "7": 0.989778648568291,
        "8": 0.0739925616084825,
        "9": 0.0
    },
    "NLDISALA0087_1": {
        "1": 0.9771108651393894,
        "10": 0.0,
        "11": 0.0,
        "12": 0.021948718190097367,
        "2": 0.9390365492281355,
        "3": 0.8760306293200969,
        "4": 0.32744646292892976,
        "5": 0.12121832801338618,
        "6": 0.7520116368093404,
        "7": 0.9900269899660541,
        "8": 0.07417432957070816,
        "9": 0.0
    },
    "NLDISALA0089_1": {
        "1": 0.97777840271839,
        "10": 0.0,
        "11": 0.0,
        "12": 0.01985836407675476,
        "2": 0.9364607054554961,
        "3": 0.8748475170413005,
        "4": 0.3265450965170118,
        "5": 0.11569399690788487,
        "6": 0.7630488790522779,
        "7": 0.9901753110086874,
        "8": 0.07368108803094292,
        "9": 0.0
    },
    "NLDISALA0093_1": {
        "1": 0.9737395250512051,
        "10": 0.0,
        "11": 0.0,
        "12": 0.017872527669079284,
        "2": 0.925349357558923,
        "3": 0.8681931360594723,
        "4": 0.3239153941206411,
        "5": 0.1041245972170964,
        "6": 0.7381715233426096,
        "7": 0.9882172153161065,
        "8": 0.08517993002549927,
        "9": 0.0
    },
    "NLDISALA0097_1": {
        "1": 0.974406818481081,
        "10": 0.0,
        "11": 0.0,
        "12": 0.015350637261785888,
        "2": 0.9277983161720608,
        "3": 0.8691886616796446,
        "4": 0.29819282269964215,
        "5": 0.10297095798714546,
        "6": 0.738518925779581,
        "7": 0.9873192874689528,
        "8": 0.09498216500021607,
        "9": 0.0
    }
}