{
    "NLD-ISALA-0093": {
        "0": 0.9768647856649467,
        "1": 0.9637829503180342,
        "2": 0.9185013670316445,
        "3": 0.7988851169606915,
        "4": 0.7265827336526017,
        "5": 0.6933701657458563,
        "6": 0.6946097350606808,
        "7": 0.9812863904829724,
        "8": 0.6961830237142345,
        "9": "NaN",
        "10": "NaN",
        "11": "NaN",
        "12": "NaN"
    },
    "NLD-ISALA-0065-MO1": {
        "0": 0.9856829542030495,
        "1": 0.9914216316819456,
        "2": 0.9510022217987162,
        "3": 0.9257638812250579,
        "4": 0.7933039133447609,
        "5": 0.30140266849127606,
        "6": 0.823270060217115,
        "7": 0.9878441228976792,
        "8": 0.91359918200409,
        "9": "NaN",
        "10": "NaN",
        "11": "NaN",
        "12": "NaN"
    },
    "NLD-ISALA-0073": {
        "0": 0.9858558617539946,
        "1": 0.9729392956595029,
        "2": 0.9187320810110323,
        "3": 0.8598744989083255,
        "4": 0.6765956942617803,
        "5": 0.005534034311012728,
        "6": 0.6850482901633993,
        "7": 0.9878436263080844,
        "8": 0.8886895401728705,
        "9": "NaN",
        "10": "NaN",
        "11": "NaN",
        "12": "NaN"
    },
    "NLD-AMPH-0028": {
        "0": 0.9801641896072985,
        "1": 0.9770579751670935,
        "2": 0.9551921193096936,
        "3": 0.9018182661501828,
        "4": 0.7753548560426275,
        "5": 0.5331275300696042,
        "6": 0.6566032717116638,
        "7": 0.9901271747609803,
        "8": 0.7582857062483297,
        "9": 0.0,
        "10": 0.3199063231850117,
        "11": 0.0,
        "12": 0.0
    },
    "NLD-AMPH-0051-LAD": {
        "0": 0.9912955871294736,
        "1": 0.989656829912139,
        "2": 0.9297477590160517,
        "3": 0.9340605375159975,
        "4": 0.8249457046958943,
        "5": 0.582566168009206,
        "6": 0.8287487905100592,
        "7": 0.9872288823737086,
        "8": 0.9202310334061817,
        "9": "NaN",
        "10": 0.0,
        "11": "NaN",
        "12": "NaN"
    },
    "NLD-ISALA-0057": {
        "0": 0.9881522571860017,
        "1": 0.9875555785126775,
        "2": 0.9645824511384588,
        "3": 0.8848777170324591,
        "4": 0.8282121588445286,
        "5": 0.8522671786680791,
        "6": 0.8098977315879757,
        "7": 0.9880020278262829,
        "8": 0.9083128571822976,
        "9": "NaN",
        "10": "NaN",
        "11": "NaN",
        "12": "NaN"
    },
    "NLD-ISALA-0065-LAD": {
        "0": 0.9840008571455944,
        "1": 0.9875769969074306,
        "2": 0.9508629633122702,
        "3": 0.9089312293853815,
        "4": 0.7212532804794043,
        "5": 0.5848561925259245,
        "6": 0.6909179644945661,
        "7": 0.9871118341939591,
        "8": 0.8835414973024905,
        "9": 0.0,
        "10": "NaN",
        "11": "NaN",
        "12": 0.0
    },
    "NLD-AMPH-0011": {
        "0": 0.9736863704084588,
        "1": 0.9854513602325028,
        "2": 0.9413559548041212,
        "3": 0.9178462641103745,
        "4": 0.7386885758120791,
        "5": 0.0,
        "6": 0.7178898167867085,
        "7": 0.9925329844612024,
        "8": 0.9609575814928961,
        "9": "NaN",
        "10": "NaN",
        "11": "NaN",
        "12": "NaN"
    },
    "NLD-ISALA-0089": {
        "0": 0.9881519355240328,
        "1": 0.982898712668367,
        "2": 0.9146957137577398,
        "3": 0.8601263462429509,
        "4": 0.7847975003004447,
        "5": 0.7545866609108569,
        "6": 0.848469660518578,
        "7": 0.986204720434179,
        "8": 0.6995755234415987,
        "9": "NaN",
        "10": "NaN",
        "11": "NaN",
        "12": "NaN"
    },
    "NLD-ISALA-0087": {
        "0": 0.9815945544576893,
        "1": 0.9870752799329393,
        "2": 0.9466713810252193,
        "3": 0.8995451813841476,
        "4": 0.7102772873347136,
        "5": 0.8267495598591549,
        "6": 0.6816553919617987,
        "7": 0.986961749455174,
        "8": 0.8624235686492496,
        "9": "NaN",
        "10": "NaN",
        "11": "NaN",
        "12": "NaN"
    },
    "NLD-ISALA-0062": {
        "0": 0.9925524732191171,
        "1": 0.9791182474917717,
        "2": 0.9580337714655375,
        "3": 0.8917513264643576,
        "4": 0.8424941055719894,
        "5": "NaN",
        "6": 0.7930761238972336,
        "7": 0.9884699312960369,
        "8": 0.29590082345489094,
        "9": "NaN",
        "10": "NaN",
        "11": "NaN",
        "12": 0.0
    },
    "NLD-ISALA-0097": {
        "0": 0.990561282846766,
        "1": 0.9820166827780712,
        "2": 0.9514919363104704,
        "3": 0.905096897295057,
        "4": 0.762004623120368,
        "5": 0.7510652054976209,
        "6": 0.8001594271311132,
        "7": 0.9812543989214588,
        "8": 0.8239626998807009,
        "9": "NaN",
        "10": "NaN",
        "11": "NaN",
        "12": "NaN"
    },
    "NLD-AMPH-0054": {
        "0": 0.986287551213247,
        "1": 0.9847992465381482,
        "2": 0.9391110081324534,
        "3": 0.8696304699259415,
        "4": 0.7362800443152732,
        "5": 0.8452084021997175,
        "6": 0.8289675764257707,
        "7": 0.9919303837494624,
        "8": 0.0,
        "9": 0.15364238410596026,
        "10": "NaN",
        "11": "NaN",
        "12": 0.7166108814071012
    },
    "NLD-AMPH-0005": {
        "0": 0.9880230735107073,
        "1": 0.9723737808921958,
        "2": 0.9291806801035997,
        "3": 0.888701997402758,
        "4": 0.7130508239588069,
        "5": 0.8489650711513583,
        "6": 0.808438305769515,
        "7": 0.9838849698999511,
        "8": 0.5895089245101072,
        "9": "NaN",
        "10": "NaN",
        "11": "NaN",
        "12": "NaN"
    },
    "NLD-HMC-0008": {
        "0": 0.9888286312675785,
        "1": 0.9859782719322739,
        "2": 0.9343968663758568,
        "3": 0.935759036645298,
        "4": 0.7842058645284602,
        "5": 0.9089709762532981,
        "6": 0.7153878422002955,
        "7": 0.9886189704032613,
        "8": 0.944992205373231,
        "9": "NaN",
        "10": "NaN",
        "11": "NaN",
        "12": "NaN"
    }
}