{
    "NLD-AMPH-0017-LAD": {
        "0": 0.9825685721454521,
        "1": 0.9792720917466788,
        "2": 0.9541443510117443,
        "3": 0.7693653515593862,
        "4": 0.7224504343461126,
        "5": 0.6193777933317294,
        "6": 0.7297315027412024,
        "7": 0.9933945613460299,
        "8": 0.8259358614803073,
        "9": 0.6440078585461689,
        "10": 0.23662346294449985,
        "11": 0.0,
        "12": 0.3823026154974334
    },
    "NLD-ISALA-0084": {
        "0": 0.9887446122863163,
        "1": 0.9777480195619737,
        "2": 0.9638966628954465,
        "3": 0.8907134223310721,
        "4": 0.6992856878492912,
        "5": 0.764429704513216,
        "6": 0.7553180230712244,
        "7": 0.9911997115822198,
        "8": 0.46228458423580376,
        "9": "NaN",
        "10": 0.9161676646706587,
        "11": "NaN",
        "12": 0.0
    },
    "NLD-AMPH-0003": {
        "0": 0.994014577992582,
        "1": 0.9866696576664763,
        "2": 0.948434965704947,
        "3": 0.9155286802332501,
        "4": 0.8510733619563189,
        "5": 0.0,
        "6": 0.8590446151093677,
        "7": 0.9886400064112839,
        "8": 0.5243663560277795,
        "9": "NaN",
        "10": "NaN",
        "11": "NaN",
        "12": "NaN"
    },
    "NLD-RADB-0085": {
        "0": 0.9944515954034542,
        "1": 0.9861102385117239,
        "2": 0.9161421339976678,
        "3": 0.9202119322931178,
        "4": 0.8505255902119593,
        "5": "NaN",
        "6": 0.8878645225469385,
        "7": 0.991685228619335,
        "8": 0.7771472294841548,
        "9": "NaN",
        "10": "NaN",
        "11": "NaN",
        "12": "NaN"
    },
    "NLD-RADB-0078": {
        "0": 0.9876473581237643,
        "1": 0.98677036945134,
        "2": 0.9539979907929744,
        "3": 0.9022426311367617,
        "4": 0.5152932789770323,
        "5": 0.5207841134027201,
        "6": 0.8164751393787689,
        "7": 0.991191135734072,
        "8": 0.19196134416868,
        "9": "NaN",
        "10": 0.0,
        "11": "NaN",
        "12": 0.0
    },
    "NLD-AMPH-0062": {
        "0": 0.9898995969695185,
        "1": 0.9919477755237712,
        "2": 0.9442753238555669,
        "3": 0.9164239061005822,
        "4": 0.817008303061754,
        "5": 0.0,
        "6": 0.8553411290641173,
        "7": 0.9908522994820279,
        "8": 0.0,
        "9": "NaN",
        "10": "NaN",
        "11": "NaN",
        "12": "NaN"
    },
    "NLD-AMPH-0067": {
        "0": 0.9889726513585285,
        "1": 0.9897774571514969,
        "2": 0.9558091875690268,
        "3": 0.9193281969263961,
        "4": 0.8158793103448276,
        "5": 0.0,
        "6": 0.8022401120056003,
        "7": 0.9905677853592268,
        "8": 0.8983372737490795,
        "9": 0.0,
        "10": "NaN",
        "11": "NaN",
        "12": "NaN"
    },
    "NLD-RADB-0024": {
        "0": 0.9937838880047576,
        "1": 0.9765918400072854,
        "2": 0.9651031812260568,
        "3": 0.9159205376264677,
        "4": 0.24091414922780446,
        "5": 0.5914214151534126,
        "6": 0.7950447459967602,
        "7": 0.9896044430325669,
        "8": 0.5259636703100081,
        "9": 0.0,
        "10": "NaN",
        "11": "NaN",
        "12": "NaN"
    },
    "NLD-ISALA-0097": {
        "0": 0.9933562414820534,
        "1": 0.9868437888765337,
        "2": 0.9622648262902396,
        "3": 0.9143528990990486,
        "4": 0.7887358720007901,
        "5": 0.7508045190003424,
        "6": 0.8533991194151431,
        "7": 0.9836745840382591,
        "8": 0.8626347446368411,
        "9": "NaN",
        "10": "NaN",
        "11": "NaN",
        "12": "NaN"
    },
    "EST-NEMC-0027-RCx": {
        "0": 0.9901444828037353,
        "1": 0.9880866769002522,
        "2": 0.8882922457746593,
        "3": 0.9307459318395996,
        "4": 0.7728432160452846,
        "5": 0.9486552567237164,
        "6": 0.8494149462669683,
        "7": 0.9873862312355415,
        "8": 0.5319579678010219,
        "9": "NaN",
        "10": "NaN",
        "11": "NaN",
        "12": "NaN"
    },
    "NLD-ISALA-0085": {
        "0": 0.9875559660466247,
        "1": 0.993653669359948,
        "2": 0.9671528143036779,
        "3": 0.895075113286677,
        "4": 0.7414752627427168,
        "5": 0.5425370874962155,
        "6": 0.7695282769761265,
        "7": 0.9910593369112705,
        "8": 0.39051987767584095,
        "9": "NaN",
        "10": 0.0,
        "11": "NaN",
        "12": 0.022181146025878003
    },
    "NLD-RADB-0089": {
        "0": 0.9869299458787556,
        "1": 0.9906502957391,
        "2": 0.8953364712369773,
        "3": 0.8383991869637932,
        "4": 0.3256592438232262,
        "5": 0.8892669137933953,
        "6": 0.7674096559925518,
        "7": 0.9924401946908764,
        "8": 0.0,
        "9": "NaN",
        "10": "NaN",
        "11": "NaN",
        "12": "NaN"
    },
    "NLD-RADB-0063-RCA": {
        "0": 0.981230603009127,
        "1": 0.9905803918734603,
        "2": 0.9405321596478944,
        "3": 0.8962573591253153,
        "4": 0.7654321335652252,
        "5": 0.46656600517687663,
        "6": 0.8294011484823626,
        "7": 0.9928761889600828,
        "8": 0.6767402113113735,
        "9": "NaN",
        "10": "NaN",
        "11": "NaN",
        "12": "NaN"
    },
    "NLD-AMPH-0063": {
        "0": 0.9666199928572065,
        "1": 0.9886184300912126,
        "2": 0.9195109101550515,
        "3": 0.8638974385955682,
        "4": 0.700054089132105,
        "5": 0.7263940359317773,
        "6": 0.7229306371101305,
        "7": 0.9930220307550206,
        "8": 0.7002298548630722,
        "9": 0.6674833741687084,
        "10": 0.0,
        "11": 0.0,
        "12": 0.0
    },
    "NLD-ISALA-0090": {
        "0": 0.9873218370471448,
        "1": 0.99121698167551,
        "2": 0.964005736898211,
        "3": 0.9061549398227747,
        "4": 0.8182590254471861,
        "5": 0.7022112854164531,
        "6": 0.8279520018334907,
        "7": 0.9878825512285994,
        "8": 0.9507013796686486,
        "9": "NaN",
        "10": 0.0,
        "11": "NaN",
        "12": "NaN"
    }
}