{
    "0": {
        "PPV": 1.0,
        "NPV": "NaN",
        "Sensibility": 1.0,
        "Specificity": "NaN",
        "Kappa": "NaN"
    },
    "1": {
        "PPV": 1.0,
        "NPV": "NaN",
        "Sensibility": 1.0,
        "Specificity": "NaN",
        "Kappa": "NaN"
    },
    "2": {
        "PPV": 1.0,
        "NPV": "NaN",
        "Sensibility": 1.0,
        "Specificity": "NaN",
        "Kappa": "NaN"
    },
    "3": {
        "PPV": 1.0,
        "NPV": "NaN",
        "Sensibility": 1.0,
        "Specificity": "NaN",
        "Kappa": "NaN"
    },
    "4": {
        "PPV": 0.8095238095238095,
        "NPV": 1.0,
        "Sensibility": 1.0,
        "Specificity": 0.7931034482758621,
        "Kappa": 0.782
    },
    "5": {
        "PPV": 0.8,
        "NPV": 0.9386503067484663,
        "Sensibility": 0.8148148148148148,
        "Specificity": 0.9329268292682927,
        "Kappa": 0.7431264728986646
    },
    "6": {
        "PPV": 0.9901477832512315,
        "NPV": 0.6666666666666666,
        "Sensibility": 0.9757281553398058,
        "Specificity": 0.8333333333333334,
        "Kappa": 0.7238508867173362
    },
    "7": {
        "PPV": 1.0,
        "NPV": "NaN",
        "Sensibility": 1.0,
        "Specificity": "NaN",
        "Kappa": "NaN"
    },
    "8": {
        "PPV": 0.8333333333333334,
        "NPV": 0.9488636363636364,
        "Sensibility": 0.7954545454545454,
        "Specificity": 0.9597701149425287,
        "Kappa": 0.7682699973425459
    },
    "9": {
        "PPV": 0.8888888888888888,
        "NPV": 0.995,
        "Sensibility": 0.9411764705882353,
        "Specificity": 0.9900497512437811,
        "Kappa": 0.9068110572812768
    },
    "10": {
        "PPV": 1.0,
        "NPV": 0.9672897196261683,
        "Sensibility": 0.36363636363636365,
        "Specificity": 1.0,
        "Kappa": 0.5204274041483343
    },
    "11": {
        "PPV": 0.0,
        "NPV": 1.0,
        "Sensibility": "NaN",
        "Specificity": 0.9678899082568807,
        "Kappa": 0.0
    },
    "12": {
        "PPV": 0.375,
        "NPV": 1.0,
        "Sensibility": 1.0,
        "Specificity": 0.9528301886792453,
        "Kappa": 0.526498696785404
    }
}