{
    "NLD-AMPH-0054": {
        "0": 0.9865667166898462,
        "1": 0.9882496116831334,
        "2": 0.9373487786637604,
        "3": 0.8650048568948007,
        "4": 0.7330331694824239,
        "5": 0.8104987204294364,
        "6": 0.8346146813753232,
        "7": 0.9905669920590764,
        "8": 0.0,
        "9": 0.07936507936507936,
        "10": 0.0,
        "11": "NaN",
        "12": 0.8950911640953717
    },
    "NLD-ISALA-0062": {
        "0": 0.9925062179536607,
        "1": 0.985193319026179,
        "2": 0.9616631622655107,
        "3": 0.8923392653351181,
        "4": 0.8515214387792406,
        "5": "NaN",
        "6": 0.7857868288114803,
        "7": 0.9863732503148839,
        "8": 0.3836311726763244,
        "9": "NaN",
        "10": "NaN",
        "11": "NaN",
        "12": 0.0
    },
    "NLD-ISALA-0093": {
        "0": 0.9751723668807102,
        "1": 0.9642260314984485,
        "2": 0.9189679031893977,
        "3": 0.7944652111580403,
        "4": 0.7207568105019706,
        "5": 0.6955810147299509,
        "6": 0.6946355608277316,
        "7": 0.9810107053390721,
        "8": 0.7618707140303552,
        "9": "NaN",
        "10": "NaN",
        "11": "NaN",
        "12": "NaN"
    },
    "NLD-ISALA-0089": {
        "0": 0.9877596996160073,
        "1": 0.9812843667818565,
        "2": 0.90862784635367,
        "3": 0.875627109053143,
        "4": 0.8227934131069368,
        "5": 0.8652783680407989,
        "6": 0.842576619260262,
        "7": 0.984827568818038,
        "8": 0.7031055305281319,
        "9": "NaN",
        "10": "NaN",
        "11": "NaN",
        "12": "NaN"
    },
    "NLD-AMPH-0005": {
        "0": 0.9873819628469088,
        "1": 0.9658332298425267,
        "2": 0.9246862922578439,
        "3": 0.8935099118957643,
        "4": 0.7155291848897402,
        "5": 0.8427632633434845,
        "6": 0.7956391253751455,
        "7": 0.9842285670879345,
        "8": 0.3837844549292277,
        "9": "NaN",
        "10": "NaN",
        "11": "NaN",
        "12": "NaN"
    },
    "NLD-ISALA-0057": {
        "0": 0.9883803513021804,
        "1": 0.9852042078238159,
        "2": 0.9637253882805911,
        "3": 0.8754840607045393,
        "4": 0.8273959428004087,
        "5": 0.8666688325400822,
        "6": 0.8056301793011718,
        "7": 0.9869693200922459,
        "8": 0.8818923733377522,
        "9": "NaN",
        "10": "NaN",
        "11": "NaN",
        "12": "NaN"
    },
    "NLD-ISALA-0065-LAD": {
        "0": 0.9858433102732509,
        "1": 0.9875221333277865,
        "2": 0.9552678846008138,
        "3": 0.9020615266472426,
        "4": 0.7751104444533394,
        "5": 0.6961719300249367,
        "6": 0.7197034117546488,
        "7": 0.9867919101038822,
        "8": 0.867169121503169,
        "9": "NaN",
        "10": "NaN",
        "11": "NaN",
        "12": "NaN"
    },
    "NLD-AMPH-0028": {
        "0": 0.980869236616558,
        "1": 0.9724913534437344,
        "2": 0.9562472623848237,
        "3": 0.9090122927964698,
        "4": 0.7769076685705005,
        "5": 0.797064737680516,
        "6": 0.6581052093247908,
        "7": 0.9879439533258247,
        "8": 0.7267318556333402,
        "9": 0.0,
        "10": 0.3394082840236686,
        "11": 0.0,
        "12": 0.0
    },
    "NLD-ISALA-0065-MO1": {
        "0": 0.9850847891588268,
        "1": 0.9904710877082177,
        "2": 0.9450686852643495,
        "3": 0.921904517490394,
        "4": 0.786283838431895,
        "5": 0.08150892556416302,
        "6": 0.8261216958674146,
        "7": 0.9871529021987511,
        "8": 0.9195595854922279,
        "9": "NaN",
        "10": "NaN",
        "11": "NaN",
        "12": "NaN"
    },
    "NLD-ISALA-0073": {
        "0": 0.9872181847205836,
        "1": 0.9741123710639213,
        "2": 0.920567142681817,
        "3": 0.8615408430809122,
        "4": 0.7141315847360868,
        "5": 0.0,
        "6": 0.6953508797328469,
        "7": 0.9872030833856614,
        "8": 0.964520104606074,
        "9": "NaN",
        "10": "NaN",
        "11": "NaN",
        "12": "NaN"
    },
    "NLD-HMC-0008": {
        "0": 0.9880284188137258,
        "1": 0.9856652797161751,
        "2": 0.9318020710512348,
        "3": 0.9374982776200843,
        "4": 0.7198261451019726,
        "5": 0.8949336960217613,
        "6": 0.7154192899452371,
        "7": 0.9879240245160508,
        "8": 0.9463742855984759,
        "9": "NaN",
        "10": "NaN",
        "11": "NaN",
        "12": "NaN"
    },
    "NLD-ISALA-0097": {
        "0": 0.9895814611498294,
        "1": 0.9826221731871913,
        "2": 0.9487288951635994,
        "3": 0.9045891997621591,
        "4": 0.7802421539496872,
        "5": 0.8050371111667084,
        "6": 0.7995185671556312,
        "7": 0.9793796077707292,
        "8": 0.7425957788132428,
        "9": "NaN",
        "10": "NaN",
        "11": "NaN",
        "12": "NaN"
    },
    "NLD-AMPH-0011": {
        "0": 0.9727679429690788,
        "1": 0.9842153395927326,
        "2": 0.9426022713875899,
        "3": 0.9129543940063897,
        "4": 0.729035846594626,
        "5": 0.0,
        "6": 0.7124017410511272,
        "7": 0.9907711289327575,
        "8": 0.9723266825751802,
        "9": "NaN",
        "10": "NaN",
        "11": "NaN",
        "12": "NaN"
    },
    "NLD-AMPH-0051-LAD": {
        "0": 0.9913145159170622,
        "1": 0.9883044997994966,
        "2": 0.9294053405662827,
        "3": 0.9329316490432655,
        "4": 0.802692050196568,
        "5": 0.6358552631578948,
        "6": 0.8312786906005635,
        "7": 0.9855139077210642,
        "8": 0.9302489707900412,
        "9": "NaN",
        "10": "NaN",
        "11": "NaN",
        "12": "NaN"
    },
    "NLD-ISALA-0087": {
        "0": 0.9829820165427894,
        "1": 0.986044378235328,
        "2": 0.944558040358883,
        "3": 0.9006943413875136,
        "4": 0.739193505287134,
        "5": 0.831561362841714,
        "6": 0.6860632020231938,
        "7": 0.9858110731236929,
        "8": 0.8788271925272444,
        "9": "NaN",
        "10": "NaN",
        "11": "NaN",
        "12": "NaN"
    }
}